t,air_temperature,humidity,ambient_CO2,Wind,PARi,,,MJ/m2,W/m2,ppfd(1.89換算)
,25.4,0.87,430,1.7,0.0,,2023/7/20 1:00,,0.0,0
,24.7,0.9,430,1.5,0.0,,2023/7/20 2:00,,0.0,0
,25.1,0.87,430,1.8,0.0,,2023/7/20 3:00,,0.0,0
,24.4,0.88,430,2.1,0.0,,2023/7/20 4:00,,0.0,0
,24.1,0.88,430,1.8,10.5,,2023/7/20 5:00,0.02,5.6,10.5
,24.6,0.86,430,1.7,136.5,,2023/7/20 6:00,0.26,72.2,136.5
,25.5,0.8,430,1.5,441.0,,2023/7/20 7:00,0.84,233.3,441
,27.2,0.73,430,1.6,834.8,,2023/7/20 8:00,1.59,441.7,834.75
,28.2,0.67,430,0.9,1176.0,,2023/7/20 9:00,2.24,622.2,1176
,29.5,0.64,430,2,1270.5,,2023/7/20 10:00,2.42,672.2,1270.5
,30.2,0.58,430,2.8,1564.5,,2023/7/20 11:00,2.98,827.8,1564.5
,28.9,0.61,430,3.9,1065.8,,2023/7/20 12:00,2.03,563.9,1065.75
,29.3,0.61,430,4.2,1139.3,,2023/7/20 13:00,2.17,602.8,1139.25
,29.7,0.65,430,3.5,1527.8,,2023/7/20 14:00,2.91,808.3,1527.75
,28.1,0.69,430,3.3,824.3,,2023/7/20 15:00,1.57,436.1,824.25
,28.2,0.66,430,3.6,803.3,,2023/7/20 16:00,1.53,425.0,803.25
,27.4,0.67,430,3.2,745.5,,2023/7/20 17:00,1.42,394.4,745.5
,26.1,0.74,430,2.8,336.0,,2023/7/20 18:00,0.64,177.8,336
,25,0.79,430,2.7,84.0,,2023/7/20 19:00,0.16,44.4,84
,24.5,0.83,430,2.4,0.0,,2023/7/20 20:00,0,0.0,0
,24.3,0.85,430,2.2,0.0,,2023/7/20 21:00,,0.0,0
,23.7,0.89,430,1.7,0.0,,2023/7/20 22:00,,0.0,0
,23.3,0.91,430,1.9,0.0,,2023/7/20 23:00,,0.0,0
,23.7,0.89,430,2.3,0.0,,2023/7/21 0:00,,0.0,0
,23.5,0.88,430,1.5,0.0,,2023/7/21 1:00,,0.0,0
,23.4,0.85,430,1.6,0.0,,2023/7/21 2:00,,0.0,0
,23.4,0.83,430,1.8,0.0,,2023/7/21 3:00,,0.0,0
,22.7,0.86,430,1.6,0.0,,2023/7/21 4:00,,0.0,0
,22.6,0.88,430,1.6,5.3,,2023/7/21 5:00,0.01,2.8,5.25
,23.5,0.84,430,1.8,84.0,,2023/7/21 6:00,0.16,44.4,84
,24.3,0.8,430,2,210.0,,2023/7/21 7:00,0.4,111.1,210
,25.3,0.78,430,2.2,488.3,,2023/7/21 8:00,0.93,258.3,488.25
,25.9,0.77,430,1.8,509.3,,2023/7/21 9:00,0.97,269.4,509.25
,27.4,0.73,430,1.5,609.0,,2023/7/21 10:00,1.16,322.2,609
,28.2,0.69,430,2.9,1197.0,,2023/7/21 11:00,2.28,633.3,1197
,29.2,0.64,430,3.3,1795.5,,2023/7/21 12:00,3.42,950.0,1795.5
,29,0.64,430,4.1,1470.0,,2023/7/21 13:00,2.8,777.8,1470
,28.5,0.67,430,3.1,1501.5,,2023/7/21 14:00,2.86,794.4,1501.5
,28,0.67,430,3.3,1391.3,,2023/7/21 15:00,2.65,736.1,1391.25
,28.3,0.65,430,3.7,929.3,,2023/7/21 16:00,1.77,491.7,929.25
,27.7,0.67,430,3.5,745.5,,2023/7/21 17:00,1.42,394.4,745.5
,26.4,0.72,430,3.4,367.5,,2023/7/21 18:00,0.7,194.4,367.5
,25.4,0.77,430,2.6,57.8,,2023/7/21 19:00,0.11,30.6,57.75
,24.7,0.8,430,2.2,0.0,,2023/7/21 20:00,0,0.0,0
,24.4,0.83,430,2.2,0.0,,2023/7/21 21:00,,0.0,0
,24,0.85,430,2,0.0,,2023/7/21 22:00,,0.0,0
,23.7,0.88,430,1.3,0.0,,2023/7/21 23:00,,0.0,0
,23.1,0.91,430,1.5,0.0,,2023/7/22 0:00,,0.0,0
,22.9,0.92,430,1.5,0.0,,2023/7/22 1:00,,0.0,0
,22.5,0.94,430,1.7,0.0,,2023/7/22 2:00,,0.0,0
,21.7,0.96,430,1.3,0.0,,2023/7/22 3:00,,0.0,0
,22,0.94,430,1.7,0.0,,2023/7/22 4:00,,0.0,0
,21.5,0.94,430,1.5,10.5,,2023/7/22 5:00,0.02,5.6,10.5
,22.8,0.92,430,0.7,178.5,,2023/7/22 6:00,0.34,94.4,178.5
,25,0.78,430,1.9,514.5,,2023/7/22 7:00,0.98,272.2,514.5
,26.1,0.73,430,1.4,840.0,,2023/7/22 8:00,1.6,444.4,840
,26.5,0.7,430,1.7,876.8,,2023/7/22 9:00,1.67,463.9,876.75
,27.2,0.69,430,1.8,987.0,,2023/7/22 10:00,1.88,522.2,987
,27.7,0.67,430,2,803.3,,2023/7/22 11:00,1.53,425.0,803.25
,29.3,0.63,430,2.6,1275.8,,2023/7/22 12:00,2.43,675.0,1275.75
,30.2,0.64,430,3.1,1811.3,,2023/7/22 13:00,3.45,958.3,1811.25
,28.9,0.62,430,3.3,1632.8,,2023/7/22 14:00,3.11,863.9,1632.75
,28.7,0.63,430,3.3,1386.0,,2023/7/22 15:00,2.64,733.3,1386
,28,0.66,430,3.8,1071.0,,2023/7/22 16:00,2.04,566.7,1071
,27.4,0.66,430,3,719.3,,2023/7/22 17:00,1.37,380.6,719.25
,26.3,0.71,430,2.7,351.8,,2023/7/22 18:00,0.67,186.1,351.75
,25.6,0.74,430,2.4,63.0,,2023/7/22 19:00,0.12,33.3,63
,24.8,0.79,430,2.7,0.0,,2023/7/22 20:00,0,0.0,0
,24.3,0.83,430,2.8,0.0,,2023/7/22 21:00,,0.0,0
,23.8,0.85,430,1.1,0.0,,2023/7/22 22:00,,0.0,0
,22.3,0.95,430,1.7,0.0,,2023/7/22 23:00,,0.0,0
,22.2,0.94,430,1.6,0.0,,2023/7/23 0:00,,0.0,0
,22.1,0.96,430,1.7,0.0,,2023/7/23 1:00,,0.0,0
,21.9,0.95,430,1.5,0.0,,2023/7/23 2:00,,0.0,0
,21.3,0.97,430,1.4,0.0,,2023/7/23 3:00,,0.0,0
,20.6,0.99,430,0.7,0.0,,2023/7/23 4:00,,0.0,0
,21.2,0.99,430,1.4,5.3,,2023/7/23 5:00,0.01,2.8,5.25
,22.7,0.96,430,0.7,168.0,,2023/7/23 6:00,0.32,88.9,168
,24.1,0.83,430,1.3,477.8,,2023/7/23 7:00,0.91,252.8,477.75
,25.9,0.72,430,1.3,845.3,,2023/7/23 8:00,1.61,447.2,845.25
,26.6,0.69,430,1.6,1354.5,,2023/7/23 9:00,2.58,716.7,1354.5
,28.6,0.66,430,2,1296.8,,2023/7/23 10:00,2.47,686.1,1296.75
,29.8,0.61,430,2.1,1685.3,,2023/7/23 11:00,3.21,891.7,1685.25
,29.7,0.53,430,1.6,1858.5,,2023/7/23 12:00,3.54,983.3,1858.5
,30.5,0.53,430,2.3,1758.8,,2023/7/23 13:00,3.35,930.6,1758.75
,30.8,0.58,430,2.4,1606.5,,2023/7/23 14:00,3.06,850.0,1606.5
,30.7,0.6,430,3.9,1365.0,,2023/7/23 15:00,2.6,722.2,1365
,30.1,0.6,430,3.5,1060.5,,2023/7/23 16:00,2.02,561.1,1060.5
,29.6,0.62,430,2.8,708.8,,2023/7/23 17:00,1.35,375.0,708.75
,28,0.65,430,3.3,346.5,,2023/7/23 18:00,0.66,183.3,346.5
,26.3,0.69,430,3.4,63.0,,2023/7/23 19:00,0.12,33.3,63
,25,0.73,430,2.4,0.0,,2023/7/23 20:00,0,0.0,0
,23.9,0.82,430,2.1,0.0,,2023/7/23 21:00,,0.0,0
,23.7,0.85,430,2.6,0.0,,2023/7/23 22:00,,0.0,0
,23.2,0.88,430,1.9,0.0,,2023/7/23 23:00,,0.0,0
,21.7,0.95,430,1.3,0.0,,2023/7/24 0:00,,0.0,0
,21.4,0.98,430,1.2,0.0,,2023/7/24 1:00,,0.0,0
,21.1,0.99,430,0.9,0.0,,2023/7/24 2:00,,0.0,0
,20.7,1,430,0.9,0.0,,2023/7/24 3:00,,0.0,0
,20.5,1,430,1.2,0.0,,2023/7/24 4:00,,0.0,0
,20.6,1,430,0.4,5.3,,2023/7/24 5:00,0.01,2.8,5.25
,21.9,1,430,0.1,157.5,,2023/7/24 6:00,0.3,83.3,157.5
,25.3,0.87,430,0.5,504.0,,2023/7/24 7:00,0.96,266.7,504
,26.5,0.76,430,1,855.8,,2023/7/24 8:00,1.63,452.8,855.75
,28.3,0.68,430,1.6,1202.3,,2023/7/24 9:00,2.29,636.1,1202.25
,30.2,0.63,430,1.8,1443.8,,2023/7/24 10:00,2.75,763.9,1443.75
,31.7,0.55,430,1.9,1690.5,,2023/7/24 11:00,3.22,894.4,1690.5
,33,0.5,430,3.5,1748.3,,2023/7/24 12:00,3.33,925.0,1748.25
,34.2,0.37,430,3.5,1737.8,,2023/7/24 13:00,3.31,919.4,1737.75
,34.7,0.36,430,2.4,1611.8,,2023/7/24 14:00,3.07,852.8,1611.75
,34.6,0.35,430,2.6,1386.0,,2023/7/24 15:00,2.64,733.3,1386
,33.5,0.52,430,4.3,1044.8,,2023/7/24 16:00,1.99,552.8,1044.75
,31.6,0.51,430,3.9,703.5,,2023/7/24 17:00,1.34,372.2,703.5
,30.7,0.51,430,3.2,351.8,,2023/7/24 18:00,0.67,186.1,351.75
,29.1,0.6,430,3.1,68.3,,2023/7/24 19:00,0.13,36.1,68.25
,27.9,0.69,430,2.9,0.0,,2023/7/24 20:00,0,0.0,0
,25.2,0.83,430,1.3,0.0,,2023/7/24 21:00,,0.0,0
,26.1,0.8,430,2.1,0.0,,2023/7/24 22:00,,0.0,0
,25.8,0.85,430,1.9,0.0,,2023/7/24 23:00,,0.0,0
,24.3,0.94,430,1.6,0.0,,2023/7/25 0:00,,0.0,0
,24,0.94,430,1.9,0.0,,2023/7/25 1:00,,0.0,0
,22.7,0.98,430,1.3,0.0,,2023/7/25 2:00,,0.0,0
,22.3,0.99,430,0.9,0.0,,2023/7/25 3:00,,0.0,0
,22.2,1,430,0.7,0.0,,2023/7/25 4:00,,0.0,0
,21.8,1,430,0.7,5.3,,2023/7/25 5:00,0.01,2.8,5.25
,23.6,1,430,1.2,162.8,,2023/7/25 6:00,0.31,86.1,162.75
,26.5,0.87,430,1.9,498.8,,2023/7/25 7:00,0.95,263.9,498.75
,28.3,0.77,430,1.9,892.5,,2023/7/25 8:00,1.7,472.2,892.5
,29.8,0.7,430,1,1233.8,,2023/7/25 9:00,2.35,652.8,1233.75
,31.2,0.61,430,1.2,1501.5,,2023/7/25 10:00,2.86,794.4,1501.5
,33,0.41,430,1,1664.3,,2023/7/25 11:00,3.17,880.6,1664.25
,34.8,0.38,430,1.4,1737.8,,2023/7/25 12:00,3.31,919.4,1737.75
,35.5,0.43,430,1.8,1737.8,,2023/7/25 13:00,3.31,919.4,1737.75
,35.5,0.4,430,2.1,1627.5,,2023/7/25 14:00,3.1,861.1,1627.5
,35.5,0.37,430,2,1370.3,,2023/7/25 15:00,2.61,725.0,1370.25
,34.1,0.51,430,3.9,1060.5,,2023/7/25 16:00,2.02,561.1,1060.5
,33,0.47,430,3.6,703.5,,2023/7/25 17:00,1.34,372.2,703.5
,31.5,0.45,430,3.6,346.5,,2023/7/25 18:00,0.66,183.3,346.5
,29.8,0.46,430,2.5,63.0,,2023/7/25 19:00,0.12,33.3,63
,28.2,0.68,430,2,0.0,,2023/7/25 20:00,0,0.0,0
,27.6,0.75,430,2.1,0.0,,2023/7/25 21:00,,0.0,0
,25.4,0.86,430,1.6,0.0,,2023/7/25 22:00,,0.0,0
,24.6,0.88,430,1.5,0.0,,2023/7/25 23:00,,0.0,0
,24.2,0.91,430,1.5,0.0,,2023/7/26 0:00,,0.0,0
,23.7,0.94,430,0.3,0.0,,2023/7/26 1:00,,0.0,0
,23.2,0.97,430,1.5,0.0,,2023/7/26 2:00,,0.0,0
,23,0.97,430,1.5,0.0,,2023/7/26 3:00,,0.0,0
,22.9,0.98,430,0.9,0.0,,2023/7/26 4:00,,0.0,0
,22.6,0.99,430,1.1,5.3,,2023/7/26 5:00,0.01,2.8,5.25
,23.9,0.96,430,0.3,152.3,,2023/7/26 6:00,0.29,80.6,152.25
,27.4,0.81,430,0.5,483.0,,2023/7/26 7:00,0.92,255.6,483
,28.9,0.72,430,0.8,861.0,,2023/7/26 8:00,1.64,455.6,861
,31.6,0.65,430,1,1197.0,,2023/7/26 9:00,2.28,633.3,1197
,32.4,0.51,430,1.4,1470.0,,2023/7/26 10:00,2.8,777.8,1470
,34.3,0.44,430,1.4,1659.0,,2023/7/26 11:00,3.16,877.8,1659
,35.1,0.45,430,1.4,1743.0,,2023/7/26 12:00,3.32,922.2,1743
,36,0.4,430,2.1,1706.3,,2023/7/26 13:00,3.25,902.8,1706.25
,36,0.39,430,2.2,1575.0,,2023/7/26 14:00,3,833.3,1575
,35.9,0.41,430,2.6,1344.0,,2023/7/26 15:00,2.56,711.1,1344
,34.7,0.48,430,3.9,1029.0,,2023/7/26 16:00,1.96,544.4,1029
,32.9,0.49,430,3.5,661.5,,2023/7/26 17:00,1.26,350.0,661.5
,31.3,0.5,430,3,204.8,,2023/7/26 18:00,0.39,108.3,204.75
,29.7,0.53,430,2.2,26.3,,2023/7/26 19:00,0.05,13.9,26.25
,28.8,0.57,430,2,0.0,,2023/7/26 20:00,0,0.0,0
,29.3,0.64,430,2.4,0.0,,2023/7/26 21:00,,0.0,0
,28.3,0.69,430,2.1,0.0,,2023/7/26 22:00,,0.0,0
,28,0.68,430,1.9,0.0,,2023/7/26 23:00,,0.0,0
,25.7,0.81,430,1.3,0.0,,2023/7/27 0:00,,0.0,0
,25.7,0.85,430,1.5,0.0,,2023/7/27 1:00,,0.0,0
,25.3,0.88,430,1.1,0.0,,2023/7/27 2:00,,0.0,0
,26.3,0.82,430,1.2,0.0,,2023/7/27 3:00,,0.0,0
,25.3,0.87,430,1.2,0.0,,2023/7/27 4:00,,0.0,0
,24.9,0.93,430,0.7,0.0,,2023/7/27 5:00,0,0.0,0
,26.3,0.85,430,1.5,99.8,,2023/7/27 6:00,0.19,52.8,99.75
,27.7,0.81,430,1.5,336.0,,2023/7/27 7:00,0.64,177.8,336
,29.6,0.75,430,1.4,782.3,,2023/7/27 8:00,1.49,413.9,782.25
,31.7,0.61,430,1.1,1155.0,,2023/7/27 9:00,2.2,611.1,1155
,32.5,0.54,430,1.3,1428.0,,2023/7/27 10:00,2.72,755.6,1428
,33.8,0.53,430,1.5,1617.0,,2023/7/27 11:00,3.08,855.6,1617
,35.3,0.5,430,2,1695.8,,2023/7/27 12:00,3.23,897.2,1695.75
,34.8,0.49,430,2.9,1580.3,,2023/7/27 13:00,3.01,836.1,1580.25
,34.9,0.45,430,3.5,1443.8,,2023/7/27 14:00,2.75,763.9,1443.75
,34.6,0.5,430,4.4,1270.5,,2023/7/27 15:00,2.42,672.2,1270.5
,34.2,0.49,430,4.1,1002.8,,2023/7/27 16:00,1.91,530.6,1002.75
,33,0.44,430,4.3,624.8,,2023/7/27 17:00,1.19,330.6,624.75
,31.6,0.61,430,3,162.8,,2023/7/27 18:00,0.31,86.1,162.75
,30.4,0.63,430,2.5,15.8,,2023/7/27 19:00,0.03,8.3,15.75
,29.4,0.68,430,2.6,0.0,,2023/7/27 20:00,0,0.0,0
,28.4,0.73,430,2.7,0.0,,2023/7/27 21:00,,0.0,0
,27.7,0.77,430,2.9,0.0,,2023/7/27 22:00,,0.0,0
,26.3,0.82,430,1.5,0.0,,2023/7/27 23:00,,0.0,0
,25.1,0.88,430,0.9,0.0,,2023/7/28 0:00,,0.0,0
,25.6,0.87,430,1.2,0.0,,2023/7/28 1:00,,0.0,0
,26.9,0.83,430,2.2,0.0,,2023/7/28 2:00,,0.0,0
,25.9,0.9,430,1.5,0.0,,2023/7/28 3:00,,0.0,0
,25.1,0.95,430,1.6,0.0,,2023/7/28 4:00,,0.0,0
,24.9,0.96,430,0.9,5.3,,2023/7/28 5:00,0.01,2.8,5.25
,26.6,0.9,430,1.3,147.0,,2023/7/28 6:00,0.28,77.8,147
,28.3,0.82,430,1.3,462.0,,2023/7/28 7:00,0.88,244.4,462
,29.2,0.78,430,0.6,656.3,,2023/7/28 8:00,1.25,347.2,656.25
,31,0.7,430,1.9,1128.8,,2023/7/28 9:00,2.15,597.2,1128.75
,32.5,0.63,430,1.7,1512.0,,2023/7/28 10:00,2.88,800.0,1512
,33.7,0.52,430,2.3,1648.5,,2023/7/28 11:00,3.14,872.2,1648.5
,33.8,0.48,430,2.4,1727.3,,2023/7/28 12:00,3.29,913.9,1727.25
,35.2,0.44,430,2.9,1706.3,,2023/7/28 13:00,3.25,902.8,1706.25
,35.6,0.5,430,3,1580.3,,2023/7/28 14:00,3.01,836.1,1580.25
,34.9,0.54,430,3.7,1349.3,,2023/7/28 15:00,2.57,713.9,1349.25
,33.5,0.54,430,4.7,1023.8,,2023/7/28 16:00,1.95,541.7,1023.75
,33.1,0.48,430,3.8,672.0,,2023/7/28 17:00,1.28,355.6,672
,31.4,0.47,430,2.9,178.5,,2023/7/28 18:00,0.34,94.4,178.5
,30,0.51,430,3.4,21.0,,2023/7/28 19:00,0.04,11.1,21
,28.7,0.63,430,2.8,0.0,,2023/7/28 20:00,0,0.0,0
,28,0.74,430,2.9,0.0,,2023/7/28 21:00,,0.0,0
,27.3,0.79,430,2.3,0.0,,2023/7/28 22:00,,0.0,0
,26.6,0.81,430,1.7,0.0,,2023/7/28 23:00,,0.0,0
,25.1,0.88,430,1.6,0.0,,2023/7/29 0:00,,0.0,0
,25.3,0.87,430,1.2,0.0,,2023/7/29 1:00,,0.0,0
,24.4,0.92,430,1.8,0.0,,2023/7/29 2:00,,0.0,0
,23.9,0.93,430,1.3,0.0,,2023/7/29 3:00,,0.0,0
,23.3,0.98,430,1.6,0.0,,2023/7/29 4:00,,0.0,0
,24,0.98,430,1.9,5.3,,2023/7/29 5:00,0.01,2.8,5.25
,26,0.86,430,1.6,157.5,,2023/7/29 6:00,0.3,83.3,157.5
,28,0.77,430,2.2,504.0,,2023/7/29 7:00,0.96,266.7,504
,29.4,0.69,430,2.7,876.8,,2023/7/29 8:00,1.67,463.9,876.75
,30.9,0.64,430,3.3,1223.3,,2023/7/29 9:00,2.33,647.2,1223.25
,32.2,0.6,430,2.9,1501.5,,2023/7/29 10:00,2.86,794.4,1501.5
,33,0.52,430,2.9,1695.8,,2023/7/29 11:00,3.23,897.2,1695.75
,33.9,0.46,430,3.9,1769.3,,2023/7/29 12:00,3.37,936.1,1769.25
,34.3,0.42,430,4.4,1753.5,,2023/7/29 13:00,3.34,927.8,1753.5
,35.6,0.35,430,3.2,1638.0,,2023/7/29 14:00,3.12,866.7,1638
,34.9,0.39,430,4,1407.0,,2023/7/29 15:00,2.68,744.4,1407
,34.4,0.44,430,4.2,1086.8,,2023/7/29 16:00,2.07,575.0,1086.75
,33.4,0.48,430,4.2,719.3,,2023/7/29 17:00,1.37,380.6,719.25
,31.1,0.55,430,3.1,304.5,,2023/7/29 18:00,0.58,161.1,304.5
,29.4,0.6,430,2.5,21.0,,2023/7/29 19:00,0.04,11.1,21
,28.1,0.71,430,2.7,0.0,,2023/7/29 20:00,0,0.0,0
,27.8,0.76,430,2.3,0.0,,2023/7/29 21:00,,0.0,0
,27.3,0.75,430,2.2,0.0,,2023/7/29 22:00,,0.0,0
,24.7,0.88,430,1.2,0.0,,2023/7/29 23:00,,0.0,0
,25.3,0.86,430,1.4,0.0,,2023/7/30 0:00,,0.0,0
,25.2,0.89,430,1.9,0.0,,2023/7/30 1:00,,0.0,0
,24.6,0.92,430,1.8,0.0,,2023/7/30 2:00,,0.0,0
,24.3,0.95,430,1.7,0.0,,2023/7/30 3:00,,0.0,0
,23.5,0.98,430,0.9,0.0,,2023/7/30 4:00,,0.0,0
,23.8,0.97,430,1.6,5.3,,2023/7/30 5:00,0.01,2.8,5.25
,25.7,0.91,430,2.1,157.5,,2023/7/30 6:00,0.3,83.3,157.5
,28.2,0.78,430,1.7,504.0,,2023/7/30 7:00,0.96,266.7,504
,29.4,0.69,430,1.5,876.8,,2023/7/30 8:00,1.67,463.9,876.75
,31.5,0.63,430,2.2,1223.3,,2023/7/30 9:00,2.33,647.2,1223.25
,32.8,0.57,430,1.7,1485.8,,2023/7/30 10:00,2.83,786.1,1485.75
,33.9,0.51,430,2.2,1659.0,,2023/7/30 11:00,3.16,877.8,1659
,35.5,0.52,430,3.2,1737.8,,2023/7/30 12:00,3.31,919.4,1737.75
,35.5,0.45,430,3.7,1711.5,,2023/7/30 13:00,3.26,905.6,1711.5
,36,0.44,430,3.1,1585.5,,2023/7/30 14:00,3.02,838.9,1585.5
,35.8,0.44,430,4.1,1359.8,,2023/7/30 15:00,2.59,719.4,1359.75
,34.7,0.46,430,4.1,1065.8,,2023/7/30 16:00,2.03,563.9,1065.75
,33.3,0.52,430,4.7,708.8,,2023/7/30 17:00,1.35,375.0,708.75
,31.4,0.62,430,3.8,341.3,,2023/7/30 18:00,0.65,180.6,341.25
,29.8,0.68,430,3.4,52.5,,2023/7/30 19:00,0.1,27.8,52.5
,29.2,0.71,430,4.6,0.0,,2023/7/30 20:00,0,0.0,0
,28.6,0.75,430,3.7,0.0,,2023/7/30 21:00,,0.0,0
,28.1,0.78,430,3.3,0.0,,2023/7/30 22:00,,0.0,0
,27.9,0.8,430,3.4,0.0,,2023/7/30 23:00,,0.0,0
,27.6,0.81,430,3.3,0.0,,2023/7/31 0:00,,0.0,0
,26.8,0.85,430,1.8,0.0,,2023/7/31 1:00,,0.0,0
,25.7,0.88,430,1.5,0.0,,2023/7/31 2:00,,0.0,0
,25.1,0.9,430,1.9,0.0,,2023/7/31 3:00,,0.0,0
,24.1,0.94,430,1.3,0.0,,2023/7/31 4:00,,0.0,0
,24.1,0.97,430,1.3,5.3,,2023/7/31 5:00,0.01,2.8,5.25
,25.6,0.94,430,0.7,152.3,,2023/7/31 6:00,0.29,80.6,152.25
,28.6,0.78,430,2,399.0,,2023/7/31 7:00,0.76,211.1,399
,30.1,0.72,430,2.5,614.3,,2023/7/31 8:00,1.17,325.0,614.25
,32,0.66,430,2.8,1113.0,,2023/7/31 9:00,2.12,588.9,1113
,32.4,0.64,430,2,1202.3,,2023/7/31 10:00,2.29,636.1,1202.25
,34.1,0.58,430,2.1,1386.0,,2023/7/31 11:00,2.64,733.3,1386
,34.9,0.53,430,4.2,1480.5,,2023/7/31 12:00,2.82,783.3,1480.5
,35.1,0.49,430,4.2,1648.5,,2023/7/31 13:00,3.14,872.2,1648.5
,35.1,0.51,430,4.6,1559.3,,2023/7/31 14:00,2.97,825.0,1559.25
,34.1,0.49,430,5,1349.3,,2023/7/31 15:00,2.57,713.9,1349.25
,32.2,0.57,430,4,771.8,,2023/7/31 16:00,1.47,408.3,771.75
,30.7,0.64,430,5.6,357.0,,2023/7/31 17:00,0.68,188.9,357
,30,0.65,430,4.7,162.8,,2023/7/31 18:00,0.31,86.1,162.75
,29.2,0.73,430,4,10.5,,2023/7/31 19:00,0.02,5.6,10.5
,28.8,0.76,430,3.1,0.0,,2023/7/31 20:00,0,0.0,0
,28.7,0.77,430,2.9,0.0,,2023/7/31 21:00,,0.0,0
,28.3,0.79,430,3,0.0,,2023/7/31 22:00,,0.0,0
,28,0.81,430,1.9,0.0,,2023/7/31 23:00,,0.0,0
,27.3,0.84,430,1.4,0.0,,2023/8/1 0:00,,0.0,0
,27.3,0.84,430,1.6,0.0,,2023/8/1 1:00,,0.0,0
,27,0.85,430,1.5,0.0,,2023/8/1 2:00,,0.0,0
,26.8,0.85,430,1.4,0.0,,2023/8/1 3:00,,0.0,0
,26.6,0.87,430,1.1,0.0,,2023/8/1 4:00,,0.0,0
,25.9,0.92,430,0.9,0.0,,2023/8/1 5:00,0,0.0,0
,26.4,0.91,430,1.9,42.0,,2023/8/1 6:00,0.08,22.2,42
,27.3,0.88,430,2.1,152.3,,2023/8/1 7:00,0.29,80.6,152.25
,28,0.86,430,1.7,357.0,,2023/8/1 8:00,0.68,188.9,357
,29.3,0.8,430,1.1,588.0,,2023/8/1 9:00,1.12,311.1,588
,27.9,0.75,430,4,656.3,,2023/8/1 10:00,1.25,347.2,656.25
,25.4,0.8,430,2.4,493.5,,2023/8/1 11:00,0.94,261.1,493.5
,24.4,0.87,430,4.2,47.3,,2023/8/1 12:00,0.09,25.0,47.25
,22.9,0.96,430,2.3,84.0,,2023/8/1 13:00,0.16,44.4,84
,23.5,0.96,430,1.3,115.5,,2023/8/1 14:00,0.22,61.1,115.5
,23.4,0.97,430,1.1,94.5,,2023/8/1 15:00,0.18,50.0,94.5
,23.6,0.98,430,1.1,115.5,,2023/8/1 16:00,0.22,61.1,115.5
,25.6,0.81,430,0.8,330.8,,2023/8/1 17:00,0.63,175.0,330.75
,24.4,0.86,430,2.2,257.3,,2023/8/1 18:00,0.49,136.1,257.25
,23.3,0.91,430,1.9,10.5,,2023/8/1 19:00,0.02,5.6,10.5
,22.7,0.97,430,1.5,0.0,,2023/8/1 20:00,0,0.0,0
,22.8,0.97,430,0.7,0.0,,2023/8/1 21:00,,0.0,0
,23,0.96,430,1.4,0.0,,2023/8/1 22:00,,0.0,0
,22.5,0.98,430,1.7,0.0,,2023/8/1 23:00,,0.0,0
,22.3,0.99,430,0.7,0.0,,2023/8/2 0:00,,0.0,0
,22.4,0.99,430,1.2,0.0,,2023/8/2 1:00,,0.0,0
,23.5,0.98,430,1.5,0.0,,2023/8/2 2:00,,0.0,0
,23,0.99,430,0.7,0.0,,2023/8/2 3:00,,0.0,0
,23,1,430,1.1,0.0,,2023/8/2 4:00,,0.0,0
,23.2,0.99,430,1.8,5.3,,2023/8/2 5:00,0.01,2.8,5.25
,24.5,0.92,430,0.8,204.8,,2023/8/2 6:00,0.39,108.3,204.75
,26.6,0.76,430,1.2,661.5,,2023/8/2 7:00,1.26,350.0,661.5
,27.9,0.69,430,1.4,882.0,,2023/8/2 8:00,1.68,466.7,882
,29.6,0.69,430,2.4,1181.3,,2023/8/2 9:00,2.25,625.0,1181.25
,30.4,0.67,430,2,1401.8,,2023/8/2 10:00,2.67,741.7,1401.75
,31.6,0.64,430,2,1569.8,,2023/8/2 11:00,2.99,830.6,1569.75
,33,0.54,430,2.3,1753.5,,2023/8/2 12:00,3.34,927.8,1753.5
,33.1,0.55,430,2.8,1659.0,,2023/8/2 13:00,3.16,877.8,1659
,34,0.54,430,4.4,1569.8,,2023/8/2 14:00,2.99,830.6,1569.75
,34,0.49,430,4.1,1354.5,,2023/8/2 15:00,2.58,716.7,1354.5
,33.8,0.51,430,5.4,1034.3,,2023/8/2 16:00,1.97,547.2,1034.25
,32.8,0.51,430,4.3,719.3,,2023/8/2 17:00,1.37,380.6,719.25
,31,0.56,430,4,273.0,,2023/8/2 18:00,0.52,144.4,273
,29.4,0.65,430,3.7,21.0,,2023/8/2 19:00,0.04,11.1,21
,28.7,0.71,430,3.4,0.0,,2023/8/2 20:00,0,0.0,0
,27.9,0.74,430,2.7,0.0,,2023/8/2 21:00,,0.0,0
,27,0.81,430,2.4,0.0,,2023/8/2 22:00,,0.0,0
,26.7,0.84,430,2.2,0.0,,2023/8/2 23:00,,0.0,0
,26,0.88,430,1.9,0.0,,2023/8/3 0:00,,0.0,0
,26,0.9,430,1.9,0.0,,2023/8/3 1:00,,0.0,0
,26.9,0.87,430,2.5,0.0,,2023/8/3 2:00,,0.0,0
,26.6,0.88,430,1.9,0.0,,2023/8/3 3:00,,0.0,0
,26.5,0.89,430,1.9,0.0,,2023/8/3 4:00,,0.0,0
,24.9,0.96,430,1.3,5.3,,2023/8/3 5:00,0.01,2.8,5.25
,26.9,0.87,430,1.4,147.0,,2023/8/3 6:00,0.28,77.8,147
,28.5,0.8,430,2.5,493.5,,2023/8/3 7:00,0.94,261.1,493.5
,29.5,0.74,430,2.2,745.5,,2023/8/3 8:00,1.42,394.4,745.5
,31.1,0.65,430,3.5,1186.5,,2023/8/3 9:00,2.26,627.8,1186.5
,32.2,0.57,430,2.8,1480.5,,2023/8/3 10:00,2.82,783.3,1480.5
,33.6,0.54,430,3,1758.8,,2023/8/3 11:00,3.35,930.6,1758.75
,34.2,0.56,430,3.7,1407.0,,2023/8/3 12:00,2.68,744.4,1407
,34.1,0.52,430,3.7,1627.5,,2023/8/3 13:00,3.1,861.1,1627.5
,34,0.52,430,5.1,1585.5,,2023/8/3 14:00,3.02,838.9,1585.5
,33.8,0.53,430,5.8,1349.3,,2023/8/3 15:00,2.57,713.9,1349.25
,32.9,0.53,430,6.4,1039.5,,2023/8/3 16:00,1.98,550.0,1039.5
,32,0.58,430,5,682.5,,2023/8/3 17:00,1.3,361.1,682.5
,30.3,0.67,430,4,320.3,,2023/8/3 18:00,0.61,169.4,320.25
,29.1,0.72,430,2.8,42.0,,2023/8/3 19:00,0.08,22.2,42
,28.3,0.78,430,3.5,0.0,,2023/8/3 20:00,0,0.0,0
,28,0.79,430,2.8,0.0,,2023/8/3 21:00,,0.0,0
,27.9,0.78,430,2.7,0.0,,2023/8/3 22:00,,0.0,0
,27.3,0.85,430,2,0.0,,2023/8/3 23:00,,0.0,0
,26.6,0.84,430,1.2,0.0,,2023/8/4 0:00,,0.0,0
,26.1,0.85,430,1.5,0.0,,2023/8/4 1:00,,0.0,0
,25,0.92,430,1.5,0.0,,2023/8/4 2:00,,0.0,0
,24,0.96,430,1,0.0,,2023/8/4 3:00,,0.0,0
,23.8,0.98,430,1,0.0,,2023/8/4 4:00,,0.0,0
,23.6,0.99,430,1.2,0.0,,2023/8/4 5:00,0,0.0,0
,24.9,0.98,430,0.5,126.0,,2023/8/4 6:00,0.24,66.7,126
,28.1,0.79,430,0.8,451.5,,2023/8/4 7:00,0.86,238.9,451.5
,30.1,0.73,430,1.6,813.8,,2023/8/4 8:00,1.55,430.6,813.75
,31.4,0.68,430,1.4,1144.5,,2023/8/4 9:00,2.18,605.6,1144.5
,32.8,0.59,430,2.4,1401.8,,2023/8/4 10:00,2.67,741.7,1401.75
,34.2,0.58,430,2.1,1601.3,,2023/8/4 11:00,3.05,847.2,1601.25
,34.7,0.54,430,0.9,1575.0,,2023/8/4 12:00,3,833.3,1575
,35.8,0.48,430,1.1,1606.5,,2023/8/4 13:00,3.06,850.0,1606.5
,36.9,0.43,430,2.1,1407.0,,2023/8/4 14:00,2.68,744.4,1407
,35.1,0.49,430,3.5,782.3,,2023/8/4 15:00,1.49,413.9,782.25
,33,0.59,430,2,430.5,,2023/8/4 16:00,0.82,227.8,430.5
,28.1,0.76,430,3.2,126.0,,2023/8/4 17:00,0.24,66.7,126
,30.1,0.68,430,2.2,110.3,,2023/8/4 18:00,0.21,58.3,110.25
,29.1,0.72,430,1.4,42.0,,2023/8/4 19:00,0.08,22.2,42
,29.9,0.71,430,3.2,0.0,,2023/8/4 20:00,0,0.0,0
,28.9,0.77,430,3.1,0.0,,2023/8/4 21:00,,0.0,0
,28.5,0.8,430,2.3,0.0,,2023/8/4 22:00,,0.0,0
,27.7,0.83,430,1.7,0.0,,2023/8/4 23:00,,0.0,0
,26.1,0.92,430,0.7,0.0,,2023/8/5 0:00,,0.0,0
,27,0.85,430,1.9,0.0,,2023/8/5 1:00,,0.0,0
,25.3,0.95,430,0.7,0.0,,2023/8/5 2:00,,0.0,0
,24.8,0.96,430,1.1,0.0,,2023/8/5 3:00,,0.0,0
,24.8,0.97,430,1.7,0.0,,2023/8/5 4:00,,0.0,0
,24.6,0.98,430,0.9,0.0,,2023/8/5 5:00,0,0.0,0
,26.5,0.91,430,1,126.0,,2023/8/5 6:00,0.24,66.7,126
,28.9,0.83,430,1.8,451.5,,2023/8/5 7:00,0.86,238.9,451.5
,31,0.7,430,2.1,871.5,,2023/8/5 8:00,1.66,461.1,871.5
,32.1,0.65,430,2,1160.3,,2023/8/5 9:00,2.21,613.9,1160.25
,32.2,0.64,430,2.3,1260.0,,2023/8/5 10:00,2.4,666.7,1260
,33.7,0.56,430,2.5,1359.8,,2023/8/5 11:00,2.59,719.4,1359.75
,34.4,0.55,430,3.8,1585.5,,2023/8/5 12:00,3.02,838.9,1585.5
,34.6,0.5,430,4.9,1701.0,,2023/8/5 13:00,3.24,900.0,1701
,34.6,0.52,430,4.6,1480.5,,2023/8/5 14:00,2.82,783.3,1480.5
,33.8,0.51,430,5.8,1333.5,,2023/8/5 15:00,2.54,705.6,1333.5
,33.7,0.5,430,4.5,1008.0,,2023/8/5 16:00,1.92,533.3,1008
,32.9,0.53,430,4.3,651.0,,2023/8/5 17:00,1.24,344.4,651
,31.2,0.61,430,3.8,288.8,,2023/8/5 18:00,0.55,152.8,288.75
,29.8,0.71,430,3.7,36.8,,2023/8/5 19:00,0.07,19.4,36.75
,28.9,0.76,430,2.4,0.0,,2023/8/5 20:00,0,0.0,0
,28.3,0.79,430,1.6,0.0,,2023/8/5 21:00,,0.0,0
,28.3,0.77,430,3.1,0.0,,2023/8/5 22:00,,0.0,0
,28.1,0.8,430,3.5,0.0,,2023/8/5 23:00,,0.0,0
,27.9,0.82,430,3.4,0.0,,2023/8/6 0:00,,0.0,0
,27.7,0.82,430,3.6,0.0,,2023/8/6 1:00,,0.0,0
,26.8,0.84,430,1.9,0.0,,2023/8/6 2:00,,0.0,0
,26.2,0.89,430,1.6,0.0,,2023/8/6 3:00,,0.0,0
,26.4,0.89,430,1.4,0.0,,2023/8/6 4:00,,0.0,0
,25.5,0.93,430,1.8,0.0,,2023/8/6 5:00,0,0.0,0
,26.5,0.89,430,1.6,110.3,,2023/8/6 6:00,0.21,58.3,110.25
,28.5,0.8,430,2.1,430.5,,2023/8/6 7:00,0.82,227.8,430.5
,29.6,0.74,430,2.8,582.8,,2023/8/6 8:00,1.11,308.3,582.75
,29.8,0.69,430,3.3,861.0,,2023/8/6 9:00,1.64,455.6,861
,33.2,0.6,430,2.9,955.5,,2023/8/6 10:00,1.82,505.6,955.5
,32.6,0.56,430,4.1,1449.0,,2023/8/6 11:00,2.76,766.7,1449
,24.9,0.96,430,1.8,210.0,,2023/8/6 12:00,0.4,111.1,210
,30.6,0.73,430,1.9,976.5,,2023/8/6 13:00,1.86,516.7,976.5
,28.4,0.81,430,3.3,519.8,,2023/8/6 14:00,0.99,275.0,519.75
,30.3,0.75,430,2.7,787.5,,2023/8/6 15:00,1.5,416.7,787.5
,31.2,0.64,430,4.9,887.3,,2023/8/6 16:00,1.69,469.4,887.25
,29.5,0.73,430,4.4,430.5,,2023/8/6 17:00,0.82,227.8,430.5
,28.5,0.76,430,3.7,152.3,,2023/8/6 18:00,0.29,80.6,152.25
,28.1,0.81,430,3.1,36.8,,2023/8/6 19:00,0.07,19.4,36.75
,27.2,0.88,430,2.2,0.0,,2023/8/6 20:00,0,0.0,0
,26.9,0.85,430,2.5,0.0,,2023/8/6 21:00,,0.0,0
,26.4,0.89,430,2.4,0.0,,2023/8/6 22:00,,0.0,0
,26.4,0.9,430,2.3,0.0,,2023/8/6 23:00,,0.0,0
,26.2,0.91,430,1.8,0.0,,2023/8/7 0:00,,0.0,0
,25.8,0.92,430,1.9,0.0,,2023/8/7 1:00,,0.0,0
,25.6,0.92,430,1.8,0.0,,2023/8/7 2:00,,0.0,0
,24.6,0.97,430,1.1,0.0,,2023/8/7 3:00,,0.0,0
,24.9,0.94,430,1.7,0.0,,2023/8/7 4:00,,0.0,0
,25.2,0.94,430,1.9,0.0,,2023/8/7 5:00,0,0.0,0
,25.9,0.9,430,1.6,120.8,,2023/8/7 6:00,0.23,63.9,120.75
,27.8,0.82,430,2,462.0,,2023/8/7 7:00,0.88,244.4,462
,29.7,0.74,430,3.1,771.8,,2023/8/7 8:00,1.47,408.3,771.75
,30.5,0.73,430,3,1139.3,,2023/8/7 9:00,2.17,602.8,1139.25
,30.4,0.72,430,2.8,1076.3,,2023/8/7 10:00,2.05,569.4,1076.25
,31.7,0.65,430,3,1291.5,,2023/8/7 11:00,2.46,683.3,1291.5
,33,0.57,430,4.2,1380.8,,2023/8/7 12:00,2.63,730.6,1380.75
,32.7,0.61,430,3.5,1533.0,,2023/8/7 13:00,2.92,811.1,1533
,32.9,0.57,430,3.4,1065.8,,2023/8/7 14:00,2.03,563.9,1065.75
,32.6,0.58,430,3.3,803.3,,2023/8/7 15:00,1.53,425.0,803.25
,32.5,0.55,430,4.3,792.8,,2023/8/7 16:00,1.51,419.4,792.75
,30.9,0.6,430,3.6,357.0,,2023/8/7 17:00,0.68,188.9,357
,29.9,0.67,430,3.9,204.8,,2023/8/7 18:00,0.39,108.3,204.75
,28.7,0.75,430,3.5,26.3,,2023/8/7 19:00,0.05,13.9,26.25
,27.8,0.83,430,3.1,0.0,,2023/8/7 20:00,0,0.0,0
,27.3,0.88,430,2.4,0.0,,2023/8/7 21:00,,0.0,0
,27.1,0.89,430,1.5,0.0,,2023/8/7 22:00,,0.0,0
,26.9,0.9,430,1.3,0.0,,2023/8/7 23:00,,0.0,0
,26.5,0.92,430,1.2,0.0,,2023/8/8 0:00,,0.0,0
,26.2,0.95,430,1,0.0,,2023/8/8 1:00,,0.0,0
,26,0.94,430,1.8,0.0,,2023/8/8 2:00,,0.0,0
,26,0.95,430,1.9,0.0,,2023/8/8 3:00,,0.0,0
,25.3,0.91,430,2.2,0.0,,2023/8/8 4:00,,0.0,0
,25.2,0.97,430,2,0.0,,2023/8/8 5:00,0,0.0,0
,25.8,0.92,430,1.3,105.0,,2023/8/8 6:00,0.2,55.6,105
,27.6,0.88,430,1.6,514.5,,2023/8/8 7:00,0.98,272.2,514.5
,29.5,0.78,430,1.9,866.3,,2023/8/8 8:00,1.65,458.3,866.25
,28.9,0.77,430,2,1060.5,,2023/8/8 9:00,2.02,561.1,1060.5
,31.6,0.7,430,1.7,1160.3,,2023/8/8 10:00,2.21,613.9,1160.25
,32.2,0.62,430,1.5,1774.5,,2023/8/8 11:00,3.38,938.9,1774.5
,30.5,0.74,430,2.8,1018.5,,2023/8/8 12:00,1.94,538.9,1018.5
,30.9,0.71,430,3.1,1249.5,,2023/8/8 13:00,2.38,661.1,1249.5
,31.5,0.68,430,4,987.0,,2023/8/8 14:00,1.88,522.2,987
,30.9,0.72,430,2.5,582.8,,2023/8/8 15:00,1.11,308.3,582.75
,31.7,0.65,430,4.2,519.8,,2023/8/8 16:00,0.99,275.0,519.75
,30.9,0.67,430,3.6,677.3,,2023/8/8 17:00,1.29,358.3,677.25
,29.8,0.73,430,2.9,246.8,,2023/8/8 18:00,0.47,130.6,246.75
,28.8,0.78,430,2.9,15.8,,2023/8/8 19:00,0.03,8.3,15.75
,28.2,0.83,430,2.5,0.0,,2023/8/8 20:00,0,0.0,0
,27.8,0.87,430,2.8,0.0,,2023/8/8 21:00,,0.0,0
,27.4,0.89,430,2.3,0.0,,2023/8/8 22:00,,0.0,0
,27.5,0.9,430,1.8,0.0,,2023/8/8 23:00,,0.0,0
,27,0.92,430,1.6,0.0,,2023/8/9 0:00,,0.0,0
,26.6,0.93,430,1.5,0.0,,2023/8/9 1:00,,0.0,0
,26.3,0.95,430,1.2,0.0,,2023/8/9 2:00,,0.0,0
,26.6,0.95,430,1.6,0.0,,2023/8/9 3:00,,0.0,0
,26.7,0.95,430,1.4,0.0,,2023/8/9 4:00,,0.0,0
,26.4,0.93,430,1.6,0.0,,2023/8/9 5:00,0,0.0,0
,26.8,0.92,430,2.2,89.3,,2023/8/9 6:00,0.17,47.2,89.25
,27.4,0.88,430,2.9,262.5,,2023/8/9 7:00,0.5,138.9,262.5
,28.4,0.83,430,2.1,435.8,,2023/8/9 8:00,0.83,230.6,435.75
,30,0.76,430,4,530.3,,2023/8/9 9:00,1.01,280.6,530.25
,27.8,0.91,430,4.2,588.0,,2023/8/9 10:00,1.12,311.1,588
,30.6,0.77,430,3.8,1517.3,,2023/8/9 11:00,2.89,802.8,1517.25
,30.6,0.74,430,4.8,1265.3,,2023/8/9 12:00,2.41,669.4,1265.25
,31.7,0.77,430,3.7,971.3,,2023/8/9 13:00,1.85,513.9,971.25
,30.4,0.74,430,3.2,330.8,,2023/8/9 14:00,0.63,175.0,330.75
,30.1,0.77,430,3.7,294.0,,2023/8/9 15:00,0.56,155.6,294
,28.8,0.86,430,1.1,215.3,,2023/8/9 16:00,0.41,113.9,215.25
,27.1,0.95,430,2,147.0,,2023/8/9 17:00,0.28,77.8,147
,27.3,0.93,430,3.2,78.8,,2023/8/9 18:00,0.15,41.7,78.75
,27.4,0.93,430,2,15.8,,2023/8/9 19:00,0.03,8.3,15.75
,27.1,0.93,430,2.7,0.0,,2023/8/9 20:00,0,0.0,0
,26.8,0.91,430,3.9,0.0,,2023/8/9 21:00,,0.0,0
,26.5,0.93,430,1.7,0.0,,2023/8/9 22:00,,0.0,0
,26.4,0.94,430,1.7,0.0,,2023/8/9 23:00,,0.0,0
,26.1,0.95,430,1.3,0.0,,2023/8/10 0:00,,0.0,0
,25.9,0.95,430,1.2,0.0,,2023/8/10 1:00,,0.0,0
,25.7,0.96,430,1.4,0.0,,2023/8/10 2:00,,0.0,0
,25.9,0.96,430,1.4,0.0,,2023/8/10 3:00,,0.0,0
,25.5,0.95,430,1.4,0.0,,2023/8/10 4:00,,0.0,0
,25.2,0.95,430,1.4,0.0,,2023/8/10 5:00,0,0.0,0
,25.9,0.93,430,1.2,105.0,,2023/8/10 6:00,0.2,55.6,105
,27.6,0.84,430,2.8,451.5,,2023/8/10 7:00,0.86,238.9,451.5
,28.5,0.78,430,3.3,666.8,,2023/8/10 8:00,1.27,352.8,666.75
,29.5,0.68,430,2.6,966.0,,2023/8/10 9:00,1.84,511.1,966
,31.2,0.63,430,3,1155.0,,2023/8/10 10:00,2.2,611.1,1155
,31.5,0.57,430,3.9,1648.5,,2023/8/10 11:00,3.14,872.2,1648.5
,31.8,0.54,430,3.6,1454.3,,2023/8/10 12:00,2.77,769.4,1454.25
,33,0.52,430,4.1,1617.0,,2023/8/10 13:00,3.08,855.6,1617
,32.6,0.53,430,4.3,1281.0,,2023/8/10 14:00,2.44,677.8,1281
,31.9,0.56,430,3.9,1333.5,,2023/8/10 15:00,2.54,705.6,1333.5
,31.8,0.61,430,2.5,777.0,,2023/8/10 16:00,1.48,411.1,777
,30,0.68,430,3.1,357.0,,2023/8/10 17:00,0.68,188.9,357
,29.1,0.74,430,3.2,210.0,,2023/8/10 18:00,0.4,111.1,210
,28.4,0.75,430,2.5,31.5,,2023/8/10 19:00,0.06,16.7,31.5
,27.6,0.83,430,2.2,0.0,,2023/8/10 20:00,0,0.0,0
,27.4,0.86,430,1.5,0.0,,2023/8/10 21:00,,0.0,0
,26.9,0.9,430,1.6,0.0,,2023/8/10 22:00,,0.0,0
,26.6,0.92,430,1.1,0.0,,2023/8/10 23:00,,0.0,0
,26,0.95,430,1.6,0.0,,2023/8/11 0:00,,0.0,0
,25.8,0.97,430,1.3,0.0,,2023/8/11 1:00,,0.0,0
,25.6,0.97,430,1.3,0.0,,2023/8/11 2:00,,0.0,0
,25.2,0.97,430,1.8,0.0,,2023/8/11 3:00,,0.0,0
,25.1,0.99,430,1.7,0.0,,2023/8/11 4:00,,0.0,0
,24.8,0.99,430,1.5,0.0,,2023/8/11 5:00,0,0.0,0
,25.3,0.98,430,1.3,94.5,,2023/8/11 6:00,0.18,50.0,94.5
,26.5,0.95,430,1.8,346.5,,2023/8/11 7:00,0.66,183.3,346.5
,28,0.84,430,1.5,808.5,,2023/8/11 8:00,1.54,427.8,808.5
,28.7,0.77,430,2.9,892.5,,2023/8/11 9:00,1.7,472.2,892.5
,29.2,0.73,430,3,1086.8,,2023/8/11 10:00,2.07,575.0,1086.75
,30.2,0.66,430,2.8,1044.8,,2023/8/11 11:00,1.99,552.8,1044.75
,31.6,0.6,430,3.4,1449.0,,2023/8/11 12:00,2.76,766.7,1449
,32,0.58,430,3,1401.8,,2023/8/11 13:00,2.67,741.7,1401.75
,31.7,0.54,430,3.1,1438.5,,2023/8/11 14:00,2.74,761.1,1438.5
,31,0.6,430,3,1302.0,,2023/8/11 15:00,2.48,688.9,1302
,30.7,0.64,430,2.6,981.8,,2023/8/11 16:00,1.87,519.4,981.75
,29.2,0.67,430,3.8,593.3,,2023/8/11 17:00,1.13,313.9,593.25
,28.3,0.74,430,3.3,246.8,,2023/8/11 18:00,0.47,130.6,246.75
,27.4,0.8,430,1.7,31.5,,2023/8/11 19:00,0.06,16.7,31.5
,27,0.82,430,1.9,0.0,,2023/8/11 20:00,0,0.0,0
,26.4,0.87,430,1.8,0.0,,2023/8/11 21:00,,0.0,0
,26.1,0.87,430,1.4,0.0,,2023/8/11 22:00,,0.0,0
,25.8,0.88,430,1.4,0.0,,2023/8/11 23:00,,0.0,0
,24.7,0.94,430,1.2,0.0,,2023/8/12 0:00,,0.0,0
,25.3,0.87,430,1.6,0.0,,2023/8/12 1:00,,0.0,0
,24.7,0.89,430,0.9,0.0,,2023/8/12 2:00,,0.0,0
,24.6,0.94,430,1.3,0.0,,2023/8/12 3:00,,0.0,0
,24.8,0.91,430,1.5,0.0,,2023/8/12 4:00,,0.0,0
,24.4,0.94,430,1.2,0.0,,2023/8/12 5:00,0,0.0,0
,26,0.88,430,1.9,141.8,,2023/8/12 6:00,0.27,75.0,141.75
,27.8,0.79,430,0.4,351.8,,2023/8/12 7:00,0.67,186.1,351.75
,28.3,0.71,430,1,724.5,,2023/8/12 8:00,1.38,383.3,724.5
,29.4,0.68,430,0.8,798.0,,2023/8/12 9:00,1.52,422.2,798
,29.7,0.66,430,1.1,630.0,,2023/8/12 10:00,1.2,333.3,630
,31.7,0.62,430,1.7,1123.5,,2023/8/12 11:00,2.14,594.4,1123.5
,32,0.59,430,1,1438.5,,2023/8/12 12:00,2.74,761.1,1438.5
,31.9,0.59,430,1.7,1375.5,,2023/8/12 13:00,2.62,727.8,1375.5
,32.7,0.57,430,3.3,1538.3,,2023/8/12 14:00,2.93,813.9,1538.25
,31.6,0.62,430,3.4,1176.0,,2023/8/12 15:00,2.24,622.2,1176
,31.4,0.64,430,3.1,987.0,,2023/8/12 16:00,1.88,522.2,987
,30.7,0.66,430,3.2,630.0,,2023/8/12 17:00,1.2,333.3,630
,29.7,0.69,430,2.7,273.0,,2023/8/12 18:00,0.52,144.4,273
,28.8,0.74,430,2.6,26.3,,2023/8/12 19:00,0.05,13.9,26.25
,27.7,0.83,430,2.3,0.0,,2023/8/12 20:00,0,0.0,0
,26.4,0.88,430,1.6,0.0,,2023/8/12 21:00,,0.0,0
,26.1,0.9,430,1.8,0.0,,2023/8/12 22:00,,0.0,0
,25.7,0.93,430,1.8,0.0,,2023/8/12 23:00,,0.0,0
,25.7,0.94,430,1.8,0.0,,2023/8/13 0:00,,0.0,0
,25.5,0.95,430,1.4,0.0,,2023/8/13 1:00,,0.0,0
,25.7,0.94,430,1.5,0.0,,2023/8/13 2:00,,0.0,0
,25.5,0.95,430,1.7,0.0,,2023/8/13 3:00,,0.0,0
,25.7,0.93,430,1.5,0.0,,2023/8/13 4:00,,0.0,0
,25.6,0.97,430,1.8,5.3,,2023/8/13 5:00,0.01,2.8,5.25
,25.6,0.98,430,2,63.0,,2023/8/13 6:00,0.12,33.3,63
,27,0.94,430,1.8,414.8,,2023/8/13 7:00,0.79,219.4,414.75
,27.8,0.9,430,2,740.3,,2023/8/13 8:00,1.41,391.7,740.25
,28.9,0.84,430,2.3,987.0,,2023/8/13 9:00,1.88,522.2,987
,29.4,0.81,430,2.2,761.3,,2023/8/13 10:00,1.45,402.8,761.25
,27.7,0.9,430,2.8,273.0,,2023/8/13 11:00,0.52,144.4,273
,30.7,0.77,430,3.2,1428.0,,2023/8/13 12:00,2.72,755.6,1428
,28,0.93,430,2.1,840.0,,2023/8/13 13:00,1.6,444.4,840
,29.2,0.87,430,1.6,477.8,,2023/8/13 14:00,0.91,252.8,477.75
,29,0.84,430,2.1,488.3,,2023/8/13 15:00,0.93,258.3,488.25
,29.4,0.82,430,1.4,215.3,,2023/8/13 16:00,0.41,113.9,215.25
,28.9,0.84,430,2.5,189.0,,2023/8/13 17:00,0.36,100.0,189
,27.7,0.93,430,1.7,73.5,,2023/8/13 18:00,0.14,38.9,73.5
,27.5,0.93,430,1.9,5.3,,2023/8/13 19:00,0.01,2.8,5.25
,27,0.94,430,2.3,0.0,,2023/8/13 20:00,0,0.0,0
,26.5,0.97,430,1,0.0,,2023/8/13 21:00,,0.0,0
,26.2,0.97,430,1.5,0.0,,2023/8/13 22:00,,0.0,0
,26.2,0.97,430,1.4,0.0,,2023/8/13 23:00,,0.0,0
,25.9,0.98,430,1.7,0.0,,2023/8/14 0:00,,0.0,0
,25.9,0.98,430,1.2,0.0,,2023/8/14 1:00,,0.0,0
,26,0.98,430,2.1,0.0,,2023/8/14 2:00,,0.0,0
,25.8,0.99,430,1.6,0.0,,2023/8/14 3:00,,0.0,0
,26,0.98,430,1.1,0.0,,2023/8/14 4:00,,0.0,0
,26,0.98,430,1.8,0.0,,2023/8/14 5:00,0,0.0,0
,26.4,0.98,430,2.3,94.5,,2023/8/14 6:00,0.18,50.0,94.5
,27.1,0.95,430,2,210.0,,2023/8/14 7:00,0.4,111.1,210
,29,0.91,430,2,630.0,,2023/8/14 8:00,1.2,333.3,630
,29.9,0.8,430,2.2,1139.3,,2023/8/14 9:00,2.17,602.8,1139.25
,30.8,0.74,430,2.7,1333.5,,2023/8/14 10:00,2.54,705.6,1333.5
,30.7,0.73,430,3.6,1407.0,,2023/8/14 11:00,2.68,744.4,1407
,29.5,0.81,430,3.2,950.3,,2023/8/14 12:00,1.81,502.8,950.25
,29.5,0.87,430,2.4,903.0,,2023/8/14 13:00,1.72,477.8,903
,26.5,0.95,430,2.7,703.5,,2023/8/14 14:00,1.34,372.2,703.5
,28.4,0.86,430,1.7,939.8,,2023/8/14 15:00,1.79,497.2,939.75
,28.6,0.88,430,2.3,525.0,,2023/8/14 16:00,1,277.8,525
,28.7,0.89,430,2.4,535.5,,2023/8/14 17:00,1.02,283.3,535.5
,28.5,0.88,430,1.7,178.5,,2023/8/14 18:00,0.34,94.4,178.5
,28,0.88,430,1.6,15.8,,2023/8/14 19:00,0.03,8.3,15.75
,27.5,0.91,430,1.8,0.0,,2023/8/14 20:00,0,0.0,0
,27.2,0.92,430,1.8,0.0,,2023/8/14 21:00,,0.0,0
,27,0.94,430,1.9,0.0,,2023/8/14 22:00,,0.0,0
,27.3,0.92,430,2.3,0.0,,2023/8/14 23:00,,0.0,0
,27.2,0.93,430,2.5,0.0,,2023/8/15 0:00,,0.0,0
,26.9,0.93,430,2.3,0.0,,2023/8/15 1:00,,0.0,0
,26.9,0.94,430,1.9,0.0,,2023/8/15 2:00,,0.0,0
,26.8,0.93,430,2,0.0,,2023/8/15 3:00,,0.0,0
,27,0.92,430,2.2,0.0,,2023/8/15 4:00,,0.0,0
,25.3,0.98,430,1.6,0.0,,2023/8/15 5:00,0,0.0,0
,25.6,0.97,430,1.3,31.5,,2023/8/15 6:00,0.06,16.7,31.5
,26.1,0.97,430,1.7,115.5,,2023/8/15 7:00,0.22,61.1,115.5
,28.6,0.91,430,2.9,603.8,,2023/8/15 8:00,1.15,319.4,603.75
,29.8,0.82,430,3.3,924.0,,2023/8/15 9:00,1.76,488.9,924
,26.4,0.94,430,2.9,446.3,,2023/8/15 10:00,0.85,236.1,446.25
,29.8,0.82,430,3.3,1170.8,,2023/8/15 11:00,2.23,619.4,1170.75
,31.1,0.74,430,3.1,1170.8,,2023/8/15 12:00,2.23,619.4,1170.75
,30.8,0.82,430,2.7,1212.8,,2023/8/15 13:00,2.31,641.7,1212.75
,31.2,0.74,430,3.8,913.5,,2023/8/15 14:00,1.74,483.3,913.5
,31.7,0.67,430,3.8,981.8,,2023/8/15 15:00,1.87,519.4,981.75
,30.9,0.72,430,4,414.8,,2023/8/15 16:00,0.79,219.4,414.75
,30.6,0.68,430,4.6,378.0,,2023/8/15 17:00,0.72,200.0,378
,29.5,0.79,430,2.8,199.5,,2023/8/15 18:00,0.38,105.6,199.5
,28.2,0.86,430,2.9,10.5,,2023/8/15 19:00,0.02,5.6,10.5
,27.8,0.88,430,2.9,0.0,,2023/8/15 20:00,0,0.0,0
,27.8,0.88,430,3.7,0.0,,2023/8/15 21:00,,0.0,0
,25.3,0.97,430,1.7,0.0,,2023/8/15 22:00,,0.0,0
,26.6,0.96,430,2.3,0.0,,2023/8/15 23:00,,0.0,0
,26.2,0.94,430,2.8,0.0,,2023/8/16 0:00,,0.0,0
,26.2,0.95,430,2.4,0.0,,2023/8/16 1:00,,0.0,0
,26,0.97,430,1.9,0.0,,2023/8/16 2:00,,0.0,0
,25.9,0.98,430,1.7,0.0,,2023/8/16 3:00,,0.0,0
,26,0.97,430,2.6,0.0,,2023/8/16 4:00,,0.0,0
,26.2,0.94,430,2.7,0.0,,2023/8/16 5:00,0,0.0,0
,26.3,0.94,430,1.6,84.0,,2023/8/16 6:00,0.16,44.4,84
,27.7,0.87,430,2.7,409.5,,2023/8/16 7:00,0.78,216.7,409.5
,28.6,0.79,430,4.3,735.0,,2023/8/16 8:00,1.4,388.9,735
,30.2,0.65,430,5,1086.8,,2023/8/16 9:00,2.07,575.0,1086.75
,31.5,0.63,430,4.5,1401.8,,2023/8/16 10:00,2.67,741.7,1401.75
,32.2,0.57,430,4.2,1328.3,,2023/8/16 11:00,2.53,702.8,1328.25
,32.7,0.58,430,4.2,1496.3,,2023/8/16 12:00,2.85,791.7,1496.25
,33.1,0.57,430,4.6,1475.3,,2023/8/16 13:00,2.81,780.6,1475.25
,32.8,0.56,430,4.8,1359.8,,2023/8/16 14:00,2.59,719.4,1359.75
,31.7,0.6,430,5.3,1223.3,,2023/8/16 15:00,2.33,647.2,1223.25
,31.7,0.65,430,5,871.5,,2023/8/16 16:00,1.66,461.1,871.5
,30.6,0.66,430,5,556.5,,2023/8/16 17:00,1.06,294.4,556.5
,29.6,0.71,430,4.1,241.5,,2023/8/16 18:00,0.46,127.8,241.5
,28.8,0.79,430,2.4,21.0,,2023/8/16 19:00,0.04,11.1,21
,28.3,0.79,430,3.2,0.0,,2023/8/16 20:00,,0.0,0
,27.7,0.84,430,3.3,0.0,,2023/8/16 21:00,,0.0,0
,27.3,0.86,430,2.2,0.0,,2023/8/16 22:00,,0.0,0
,26.9,0.89,430,1.8,0.0,,2023/8/16 23:00,,0.0,0
,26.9,0.9,430,1.1,0.0,,2023/8/17 0:00,,0.0,0
,26.8,0.9,430,1.4,0.0,,2023/8/17 1:00,,0.0,0
,26.5,0.93,430,0.8,0.0,,2023/8/17 2:00,,0.0,0
,26.7,0.9,430,1.2,0.0,,2023/8/17 3:00,,0.0,0
,26.6,0.92,430,1.5,0.0,,2023/8/17 4:00,,0.0,0
,26.1,0.93,430,1.7,0.0,,2023/8/17 5:00,0,0.0,0
,26.4,0.93,430,1.5,78.8,,2023/8/17 6:00,0.15,41.7,78.75
,27.7,0.88,430,2.2,304.5,,2023/8/17 7:00,0.58,161.1,304.5
,29.6,0.81,430,1.5,724.5,,2023/8/17 8:00,1.38,383.3,724.5
,31.2,0.72,430,2.1,792.8,,2023/8/17 9:00,1.51,419.4,792.75
,31,0.75,430,1.5,929.3,,2023/8/17 10:00,1.77,491.7,929.25
,32.9,0.68,430,2,1139.3,,2023/8/17 11:00,2.17,602.8,1139.25
,32.6,0.66,430,2.1,1202.3,,2023/8/17 12:00,2.29,636.1,1202.25
,34.3,0.61,430,2.9,1459.5,,2023/8/17 13:00,2.78,772.2,1459.5
,34.4,0.6,430,3.4,1543.5,,2023/8/17 14:00,2.94,816.7,1543.5
,34.1,0.6,430,3.4,1254.8,,2023/8/17 15:00,2.39,663.9,1254.75
,33.1,0.61,430,4.5,950.3,,2023/8/17 16:00,1.81,502.8,950.25
,31.7,0.65,430,4.5,598.5,,2023/8/17 17:00,1.14,316.7,598.5
,30.3,0.71,430,4.6,183.8,,2023/8/17 18:00,0.35,97.2,183.75
,29.4,0.75,430,3.7,5.3,,2023/8/17 19:00,0.01,2.8,5.25
,28.8,0.77,430,2.2,0.0,,2023/8/17 20:00,,0.0,0
,28.3,0.8,430,3.1,0.0,,2023/8/17 21:00,,0.0,0
,27.9,0.83,430,2.1,0.0,,2023/8/17 22:00,,0.0,0
,27.6,0.85,430,2.2,0.0,,2023/8/17 23:00,,0.0,0
,26.4,0.91,430,1.4,0.0,,2023/8/18 0:00,,0.0,0
,26.4,0.89,430,2,0.0,,2023/8/18 1:00,,0.0,0
,25.5,0.94,430,1.1,0.0,,2023/8/18 2:00,,0.0,0
,25.2,0.96,430,1.7,0.0,,2023/8/18 3:00,,0.0,0
,25.3,0.97,430,1.1,0.0,,2023/8/18 4:00,,0.0,0
,25.5,0.97,430,1.5,0.0,,2023/8/18 5:00,0,0.0,0
,26.4,0.93,430,1.4,94.5,,2023/8/18 6:00,0.18,50.0,94.5
,27.8,0.88,430,1.9,341.3,,2023/8/18 7:00,0.65,180.6,341.25
,28.9,0.85,430,1.9,404.3,,2023/8/18 8:00,0.77,213.9,404.25
,29.9,0.83,430,0.7,509.3,,2023/8/18 9:00,0.97,269.4,509.25
,31.7,0.69,430,2.2,1160.3,,2023/8/18 10:00,2.21,613.9,1160.25
,31.8,0.69,430,1.1,1113.0,,2023/8/18 11:00,2.12,588.9,1113
,32.9,0.65,430,1.4,1249.5,,2023/8/18 12:00,2.38,661.1,1249.5
,34.5,0.56,430,2.7,1653.8,,2023/8/18 13:00,3.15,875.0,1653.75
,34.7,0.52,430,2.1,1491.0,,2023/8/18 14:00,2.84,788.9,1491
,34.4,0.5,430,2.5,1239.0,,2023/8/18 15:00,2.36,655.6,1239
,34.5,0.5,430,2.2,945.0,,2023/8/18 16:00,1.8,500.0,945
,32.6,0.62,430,3.7,593.3,,2023/8/18 17:00,1.13,313.9,593.25
,31,0.66,430,3.3,215.3,,2023/8/18 18:00,0.41,113.9,215.25
,29.8,0.69,430,2.7,10.5,,2023/8/18 19:00,0.02,5.6,10.5
,28.8,0.74,430,1.9,0.0,,2023/8/18 20:00,,0.0,0
,28.4,0.83,430,1.6,0.0,,2023/8/18 21:00,,0.0,0
,27.6,0.85,430,2.1,0.0,,2023/8/18 22:00,,0.0,0
,27.2,0.88,430,1.9,0.0,,2023/8/18 23:00,,0.0,0
,26.5,0.9,430,2.4,0.0,,2023/8/19 0:00,,0.0,0
,25.4,0.96,430,1.2,0.0,,2023/8/19 1:00,,0.0,0
,25.6,0.97,430,1.2,0.0,,2023/8/19 2:00,,0.0,0
,25,0.98,430,1.2,0.0,,2023/8/19 3:00,,0.0,0
,24.9,0.99,430,0.7,0.0,,2023/8/19 4:00,,0.0,0
,25.5,0.98,430,1.2,0.0,,2023/8/19 5:00,0,0.0,0
,26.3,0.95,430,1.1,52.5,,2023/8/19 6:00,0.1,27.8,52.5
,27.3,0.9,430,1.5,257.3,,2023/8/19 7:00,0.49,136.1,257.25
,28.9,0.84,430,1.2,572.3,,2023/8/19 8:00,1.09,302.8,572.25
,29.7,0.78,430,1.1,787.5,,2023/8/19 9:00,1.5,416.7,787.5
,31.4,0.7,430,1.3,1160.3,,2023/8/19 10:00,2.21,613.9,1160.25
,32.4,0.65,430,1.5,1543.5,,2023/8/19 11:00,2.94,816.7,1543.5
,32.4,0.67,430,1.4,1464.8,,2023/8/19 12:00,2.79,775.0,1464.75
,33.4,0.6,430,2.2,1417.5,,2023/8/19 13:00,2.7,750.0,1417.5
,34.1,0.58,430,2.4,1370.3,,2023/8/19 14:00,2.61,725.0,1370.25
,33.5,0.61,430,2.9,1081.5,,2023/8/19 15:00,2.06,572.2,1081.5
,32.6,0.6,430,2.1,787.5,,2023/8/19 16:00,1.5,416.7,787.5
,31.8,0.61,430,2.9,441.0,,2023/8/19 17:00,0.84,233.3,441
,30.2,0.63,430,3.1,68.3,,2023/8/19 18:00,0.13,36.1,68.25
,29,0.7,430,2.5,5.3,,2023/8/19 19:00,0.01,2.8,5.25
,28.4,0.73,430,2.4,0.0,,2023/8/19 20:00,,0.0,0
,28,0.76,430,2,0.0,,2023/8/19 21:00,,0.0,0
,27.5,0.8,430,1.6,0.0,,2023/8/19 22:00,,0.0,0
,27,0.84,430,1.4,0.0,,2023/8/19 23:00,,0.0,0
,25.9,0.9,430,1,0.0,,2023/8/20 0:00,,0.0,0
,26.3,0.89,430,1.4,0.0,,2023/8/20 1:00,,0.0,0
,25,0.96,430,0.7,0.0,,2023/8/20 2:00,,0.0,0
,25.3,0.95,430,1.5,0.0,,2023/8/20 3:00,,0.0,0
,24.9,0.97,430,1.1,0.0,,2023/8/20 4:00,,0.0,0
,24.6,0.98,430,1.6,0.0,,2023/8/20 5:00,0,0.0,0
,26.4,0.9,430,1.3,78.8,,2023/8/20 6:00,0.15,41.7,78.75
,28.3,0.84,430,1,367.5,,2023/8/20 7:00,0.7,194.4,367.5
,29.2,0.79,430,1.2,703.5,,2023/8/20 8:00,1.34,372.2,703.5
,30.6,0.72,430,1.4,1113.0,,2023/8/20 9:00,2.12,588.9,1113
,31.6,0.67,430,1.3,1029.0,,2023/8/20 10:00,1.96,544.4,1029
,32.2,0.61,430,1.7,1601.3,,2023/8/20 11:00,3.05,847.2,1601.25
,32.7,0.6,430,1.4,1606.5,,2023/8/20 12:00,3.06,850.0,1606.5
,33.7,0.56,430,2.5,1606.5,,2023/8/20 13:00,3.06,850.0,1606.5
,33.9,0.52,430,2.4,1470.0,,2023/8/20 14:00,2.8,777.8,1470
,33.3,0.57,430,2.9,1149.8,,2023/8/20 15:00,2.19,608.3,1149.75
,32.7,0.59,430,3.4,834.8,,2023/8/20 16:00,1.59,441.7,834.75
,31.9,0.62,430,2.9,551.3,,2023/8/20 17:00,1.05,291.7,551.25
,30.5,0.65,430,2.7,183.8,,2023/8/20 18:00,0.35,97.2,183.75
,29.5,0.72,430,2.5,5.3,,2023/8/20 19:00,0.01,2.8,5.25
,28.7,0.79,430,0.9,0.0,,2023/8/20 20:00,,0.0,0
,27.9,0.81,430,1.5,0.0,,2023/8/20 21:00,,0.0,0
,27.3,0.83,430,1.5,0.0,,2023/8/20 22:00,,0.0,0
,26.8,0.86,430,1.9,0.0,,2023/8/20 23:00,,0.0,0
,25.5,0.96,430,0.5,0.0,,2023/8/21 0:00,,0.0,0
,25.2,0.97,430,1.4,0.0,,2023/8/21 1:00,,0.0,0
,24.9,0.98,430,0.3,0.0,,2023/8/21 2:00,,0.0,0
,24.8,0.98,430,1.6,0.0,,2023/8/21 3:00,,0.0,0
,24.6,0.98,430,1,0.0,,2023/8/21 4:00,,0.0,0
,24.6,0.99,430,1.2,0.0,,2023/8/21 5:00,0,0.0,0
,26,0.96,430,1.3,94.5,,2023/8/21 6:00,0.18,50.0,94.5
,28,0.85,430,1.5,430.5,,2023/8/21 7:00,0.82,227.8,430.5
,29.4,0.77,430,1.2,771.8,,2023/8/21 8:00,1.47,408.3,771.75
,30.9,0.67,430,1.2,913.5,,2023/8/21 9:00,1.74,483.3,913.5
,31.7,0.61,430,2.6,1580.3,,2023/8/21 10:00,3.01,836.1,1580.25
,32.3,0.6,430,2.4,1622.3,,2023/8/21 11:00,3.09,858.3,1622.25
,32.8,0.55,430,2.5,1375.5,,2023/8/21 12:00,2.62,727.8,1375.5
,32.1,0.58,430,2.9,1218.0,,2023/8/21 13:00,2.32,644.4,1218
,32.7,0.6,430,2.6,1155.0,,2023/8/21 14:00,2.2,611.1,1155
,32.3,0.65,430,3.4,1249.5,,2023/8/21 15:00,2.38,661.1,1249.5
,31.5,0.67,430,3.5,945.0,,2023/8/21 16:00,1.8,500.0,945
,30.6,0.72,430,2.5,551.3,,2023/8/21 17:00,1.05,291.7,551.25
,29.7,0.77,430,2.5,157.5,,2023/8/21 18:00,0.3,83.3,157.5
,29.2,0.81,430,2.3,5.3,,2023/8/21 19:00,0.01,2.8,5.25
,28.8,0.84,430,2.5,0.0,,2023/8/21 20:00,,0.0,0
,28.2,0.84,430,1.9,0.0,,2023/8/21 21:00,,0.0,0
,27.8,0.87,430,1.5,0.0,,2023/8/21 22:00,,0.0,0
,27.6,0.87,430,1.1,0.0,,2023/8/21 23:00,,0.0,0
,27.2,0.9,430,1.4,0.0,,2023/8/22 0:00,,0.0,0
,26.9,0.94,430,1.5,0.0,,2023/8/22 1:00,,0.0,0
,27,0.93,430,1.5,0.0,,2023/8/22 2:00,,0.0,0
,26.8,0.94,430,1.3,0.0,,2023/8/22 3:00,,0.0,0
,26.7,0.95,430,1.6,0.0,,2023/8/22 4:00,,0.0,0
,26.6,0.96,430,1.5,0.0,,2023/8/22 5:00,0,0.0,0
,26.7,0.94,430,1.3,52.5,,2023/8/22 6:00,0.1,27.8,52.5
,28.1,0.9,430,1.6,357.0,,2023/8/22 7:00,0.68,188.9,357
,28.6,0.86,430,0.5,614.3,,2023/8/22 8:00,1.17,325.0,614.25
,30.6,0.69,430,1.8,855.8,,2023/8/22 9:00,1.63,452.8,855.75
,31.7,0.65,430,2.3,1485.8,,2023/8/22 10:00,2.83,786.1,1485.75
,27.9,0.85,430,3.3,918.8,,2023/8/22 11:00,1.75,486.1,918.75
,30.8,0.8,430,2.2,1044.8,,2023/8/22 12:00,1.99,552.8,1044.75
,31.3,0.77,430,1.4,1034.3,,2023/8/22 13:00,1.97,547.2,1034.25
,31.6,0.74,430,1.6,918.8,,2023/8/22 14:00,1.75,486.1,918.75
,31.7,0.64,430,3.2,672.0,,2023/8/22 15:00,1.28,355.6,672
,32.4,0.66,430,3.1,614.3,,2023/8/22 16:00,1.17,325.0,614.25
,30.9,0.7,430,3.4,456.8,,2023/8/22 17:00,0.87,241.7,456.75
,29.5,0.78,430,3,162.8,,2023/8/22 18:00,0.31,86.1,162.75
,28.5,0.83,430,2.8,10.5,,2023/8/22 19:00,0.02,5.6,10.5
,27.9,0.87,430,2.5,0.0,,2023/8/22 20:00,,0.0,0
,27.7,0.9,430,2,0.0,,2023/8/22 21:00,,0.0,0
,27.8,0.9,430,2,0.0,,2023/8/22 22:00,,0.0,0
,27.4,0.92,430,1.8,0.0,,2023/8/22 23:00,,0.0,0
,26.9,0.95,430,1.9,0.0,,2023/8/23 0:00,,0.0,0
,26.8,0.96,430,1.5,0.0,,2023/8/23 1:00,,0.0,0
,26.6,0.96,430,1.4,0.0,,2023/8/23 2:00,,0.0,0
,26.6,0.96,430,1.1,0.0,,2023/8/23 3:00,,0.0,0
,26.3,0.96,430,1.1,0.0,,2023/8/23 4:00,,0.0,0
,26.3,0.96,430,1.6,0.0,,2023/8/23 5:00,0,0.0,0
,26.7,0.95,430,1.3,63.0,,2023/8/23 6:00,0.12,33.3,63
,27.7,0.9,430,2.7,351.8,,2023/8/23 7:00,0.67,186.1,351.75
,28.2,0.89,430,2.7,493.5,,2023/8/23 8:00,0.94,261.1,493.5
,29.5,0.85,430,4,682.5,,2023/8/23 9:00,1.3,361.1,682.5
,30.8,0.74,430,3.6,955.5,,2023/8/23 10:00,1.82,505.6,955.5
,29.1,0.9,430,3.4,892.5,,2023/8/23 11:00,1.7,472.2,892.5
,31.6,0.71,430,3.4,1848.0,,2023/8/23 12:00,3.52,977.8,1848
,31.6,0.74,430,4.5,1580.3,,2023/8/23 13:00,3.01,836.1,1580.25
,27.9,0.87,430,5.1,939.8,,2023/8/23 14:00,1.79,497.2,939.75
,27.6,0.93,430,1.5,215.3,,2023/8/23 15:00,0.41,113.9,215.25
,28.6,0.87,430,1.9,383.3,,2023/8/23 16:00,0.73,202.8,383.25
,29.6,0.84,430,2.6,441.0,,2023/8/23 17:00,0.84,233.3,441
,27.4,0.93,430,1.3,120.8,,2023/8/23 18:00,0.23,63.9,120.75
,27.6,0.92,430,2.1,5.3,,2023/8/23 19:00,0.01,2.8,5.25
,27.7,0.86,430,2.5,0.0,,2023/8/23 20:00,,0.0,0
,27.1,0.88,430,2.2,0.0,,2023/8/23 21:00,,0.0,0
,26.8,0.91,430,2.5,0.0,,2023/8/23 22:00,,0.0,0
,26.4,0.93,430,2.1,0.0,,2023/8/23 23:00,,0.0,0
,26.3,0.94,430,1.9,0.0,,2023/8/24 0:00,,0.0,0
,26,0.96,430,1.8,0.0,,2023/8/24 1:00,,0.0,0
,26.1,0.96,430,1.7,0.0,,2023/8/24 2:00,,0.0,0
,26.1,0.96,430,1.9,0.0,,2023/8/24 3:00,,0.0,0
,25.9,0.97,430,1.8,0.0,,2023/8/24 4:00,,0.0,0
,25.5,0.97,430,1.3,0.0,,2023/8/24 5:00,0,0.0,0
,26.1,0.95,430,2.1,84.0,,2023/8/24 6:00,0.16,44.4,84
,27.8,0.87,430,2.6,399.0,,2023/8/24 7:00,0.76,211.1,399
,28.8,0.8,430,3.5,740.3,,2023/8/24 8:00,1.41,391.7,740.25
,30.1,0.77,430,3,840.0,,2023/8/24 9:00,1.6,444.4,840
,30.7,0.69,430,4.1,1113.0,,2023/8/24 10:00,2.12,588.9,1113
,32.7,0.62,430,4,1611.8,,2023/8/24 11:00,3.07,852.8,1611.75
,33.1,0.6,430,4.4,1470.0,,2023/8/24 12:00,2.8,777.8,1470
,33.5,0.57,430,3.8,1632.8,,2023/8/24 13:00,3.11,863.9,1632.75
,33.6,0.56,430,5.1,1496.3,,2023/8/24 14:00,2.85,791.7,1496.25
,33.6,0.53,430,4.6,1249.5,,2023/8/24 15:00,2.38,661.1,1249.5
,33,0.55,430,4.1,929.3,,2023/8/24 16:00,1.77,491.7,929.25
,31.7,0.58,430,4.1,561.8,,2023/8/24 17:00,1.07,297.2,561.75
,30.3,0.63,430,3.6,189.0,,2023/8/24 18:00,0.36,100.0,189
,29.4,0.67,430,2.6,5.3,,2023/8/24 19:00,0.01,2.8,5.25
,28.3,0.75,430,2,0.0,,2023/8/24 20:00,,0.0,0
,27.6,0.8,430,1.7,0.0,,2023/8/24 21:00,,0.0,0
,26.5,0.87,430,1.4,0.0,,2023/8/24 22:00,,0.0,0
,25.7,0.91,430,1.4,0.0,,2023/8/24 23:00,,0.0,0
,25.9,0.91,430,1.7,0.0,,2023/8/25 0:00,,0.0,0
,25.5,0.94,430,1.5,0.0,,2023/8/25 1:00,,0.0,0
,25.5,0.95,430,1.5,0.0,,2023/8/25 2:00,,0.0,0
,25.2,0.95,430,1.6,0.0,,2023/8/25 3:00,,0.0,0
,25,0.97,430,1.9,0.0,,2023/8/25 4:00,,0.0,0
,24.8,0.97,430,1.7,0.0,,2023/8/25 5:00,0,0.0,0
,25.5,0.96,430,1.4,78.8,,2023/8/25 6:00,0.15,41.7,78.75
,27.6,0.87,430,1.9,399.0,,2023/8/25 7:00,0.76,211.1,399
,29.2,0.77,430,2.6,771.8,,2023/8/25 8:00,1.47,408.3,771.75
,30.6,0.67,430,3.1,1097.3,,2023/8/25 9:00,2.09,580.6,1097.25
,32.2,0.62,430,3.3,1501.5,,2023/8/25 10:00,2.86,794.4,1501.5
,32.6,0.6,430,3,1533.0,,2023/8/25 11:00,2.92,811.1,1533
,33.5,0.55,430,3.6,1716.8,,2023/8/25 12:00,3.27,908.3,1716.75
,33.6,0.5,430,3.4,1648.5,,2023/8/25 13:00,3.14,872.2,1648.5
,34.5,0.54,430,2.5,1464.8,,2023/8/25 14:00,2.79,775.0,1464.75
,34.1,0.52,430,2.7,1286.3,,2023/8/25 15:00,2.45,680.6,1286.25
,33.8,0.57,430,3.1,1055.3,,2023/8/25 16:00,2.01,558.3,1055.25
,32.1,0.63,430,3.5,582.8,,2023/8/25 17:00,1.11,308.3,582.75
,30.2,0.71,430,3.9,194.3,,2023/8/25 18:00,0.37,102.8,194.25
,28.7,0.74,430,2.5,5.3,,2023/8/25 19:00,0.01,2.8,5.25
,27.9,0.8,430,2.9,0.0,,2023/8/25 20:00,,0.0,0
,27.4,0.83,430,2.3,0.0,,2023/8/25 21:00,,0.0,0
,26.9,0.86,430,2,0.0,,2023/8/25 22:00,,0.0,0
,26.7,0.87,430,1.8,0.0,,2023/8/25 23:00,,0.0,0
,26.1,0.9,430,1.8,0.0,,2023/8/26 0:00,,0.0,0
,26,0.92,430,1.8,0.0,,2023/8/26 1:00,,0.0,0
,24.9,0.96,430,1,0.0,,2023/8/26 2:00,,0.0,0
,24.3,0.98,430,1.1,0.0,,2023/8/26 3:00,,0.0,0
,24.1,0.99,430,1.6,0.0,,2023/8/26 4:00,,0.0,0
,24.2,0.99,430,1,0.0,,2023/8/26 5:00,0,0.0,0
,25.1,0.98,430,1.1,78.8,,2023/8/26 6:00,0.15,41.7,78.75
,27.8,0.85,430,1.1,393.8,,2023/8/26 7:00,0.75,208.3,393.75
,29.1,0.74,430,0.6,766.5,,2023/8/26 8:00,1.46,405.6,766.5
,30.4,0.66,430,1.3,1118.3,,2023/8/26 9:00,2.13,591.7,1118.25
,31.7,0.58,430,1.8,1449.0,,2023/8/26 10:00,2.76,766.7,1449
,32.4,0.53,430,2.1,1659.0,,2023/8/26 11:00,3.16,877.8,1659
,32.2,0.57,430,2.7,1690.5,,2023/8/26 12:00,3.22,894.4,1690.5
,33.1,0.6,430,2.7,1580.3,,2023/8/26 13:00,3.01,836.1,1580.25
,32.4,0.62,430,3.7,1506.8,,2023/8/26 14:00,2.87,797.2,1506.75
,31.7,0.6,430,3.7,1260.0,,2023/8/26 15:00,2.4,666.7,1260
,30.8,0.64,430,4.2,771.8,,2023/8/26 16:00,1.47,408.3,771.75
,30,0.71,430,3.8,546.0,,2023/8/26 17:00,1.04,288.9,546
,28.9,0.78,430,2.8,152.3,,2023/8/26 18:00,0.29,80.6,152.25
,28.2,0.72,430,2.3,0.0,,2023/8/26 19:00,0,0.0,0
,27.5,0.76,430,2.5,0.0,,2023/8/26 20:00,,0.0,0
,24.9,0.91,430,0.9,0.0,,2023/8/26 21:00,,0.0,0
,24.5,0.94,430,1,0.0,,2023/8/26 22:00,,0.0,0
,25.2,0.92,430,1.8,0.0,,2023/8/26 23:00,,0.0,0
,25.1,0.92,430,1.3,0.0,,2023/8/27 0:00,,0.0,0
,24.8,0.94,430,1.7,0.0,,2023/8/27 1:00,,0.0,0
,25.3,0.91,430,1.6,0.0,,2023/8/27 2:00,,0.0,0
,23.8,0.95,430,3,0.0,,2023/8/27 3:00,,0.0,0
,23.7,0.98,430,1,0.0,,2023/8/27 4:00,,0.0,0
,23.8,0.99,430,1.8,0.0,,2023/8/27 5:00,0,0.0,0
,23.9,0.99,430,1.4,36.8,,2023/8/27 6:00,0.07,19.4,36.75
,25.9,0.91,430,1.8,351.8,,2023/8/27 7:00,0.67,186.1,351.75
,27.2,0.87,430,1.9,703.5,,2023/8/27 8:00,1.34,372.2,703.5
,28.2,0.81,430,2.5,945.0,,2023/8/27 9:00,1.8,500.0,945
,29,0.74,430,2.8,1223.3,,2023/8/27 10:00,2.33,647.2,1223.25
,29.9,0.69,430,3.3,924.0,,2023/8/27 11:00,1.76,488.9,924
,28.4,0.73,430,2.4,1050.0,,2023/8/27 12:00,2,555.6,1050
,28.1,0.78,430,1.8,551.3,,2023/8/27 13:00,1.05,291.7,551.25
,30.1,0.66,430,3.1,824.3,,2023/8/27 14:00,1.57,436.1,824.25
,29,0.67,430,3.3,840.0,,2023/8/27 15:00,1.6,444.4,840
,29.4,0.68,430,3.1,903.0,,2023/8/27 16:00,1.72,477.8,903
,27.7,0.76,430,3.1,451.5,,2023/8/27 17:00,0.86,238.9,451.5
,26.9,0.79,430,2.3,115.5,,2023/8/27 18:00,0.22,61.1,115.5
,26.5,0.82,430,2.6,0.0,,2023/8/27 19:00,0,0.0,0
,25.7,0.86,430,2.1,0.0,,2023/8/27 20:00,,0.0,0
,25.5,0.87,430,1.4,0.0,,2023/8/27 21:00,,0.0,0
,25.5,0.86,430,1.8,0.0,,2023/8/27 22:00,,0.0,0
,24.7,0.9,430,1.4,0.0,,2023/8/27 23:00,,0.0,0
,24.2,0.93,430,1.3,0.0,,2023/8/28 0:00,,0.0,0
,24.8,0.89,430,1.4,0.0,,2023/8/28 1:00,,0.0,0
,24.5,0.91,430,1.8,0.0,,2023/8/28 2:00,,0.0,0
,24.7,0.91,430,1.9,0.0,,2023/8/28 3:00,,0.0,0
,24,0.93,430,1.5,0.0,,2023/8/28 4:00,,0.0,0
,24.4,0.92,430,1.3,0.0,,2023/8/28 5:00,0,0.0,0
,25.2,0.91,430,1.4,52.5,,2023/8/28 6:00,0.1,27.8,52.5
,27.4,0.81,430,1.5,336.0,,2023/8/28 7:00,0.64,177.8,336
,28.9,0.73,430,2.6,666.8,,2023/8/28 8:00,1.27,352.8,666.75
,29.9,0.68,430,2.1,829.5,,2023/8/28 9:00,1.58,438.9,829.5
,30.6,0.69,430,2.2,834.8,,2023/8/28 10:00,1.59,441.7,834.75
,30.8,0.67,430,3.7,824.3,,2023/8/28 11:00,1.57,436.1,824.25
,33,0.66,430,2.2,1249.5,,2023/8/28 12:00,2.38,661.1,1249.5
,33.3,0.56,430,2.1,1428.0,,2023/8/28 13:00,2.72,755.6,1428
,33.4,0.55,430,2,1123.5,,2023/8/28 14:00,2.14,594.4,1123.5
,33.2,0.57,430,3.5,850.5,,2023/8/28 15:00,1.62,450.0,850.5
,32.4,0.58,430,3.9,693.0,,2023/8/28 16:00,1.32,366.7,693
,30.6,0.68,430,4,183.8,,2023/8/28 17:00,0.35,97.2,183.75
,29.7,0.71,430,2.9,57.8,,2023/8/28 18:00,0.11,30.6,57.75
,28.9,0.76,430,2.8,5.3,,2023/8/28 19:00,0.01,2.8,5.25
,28.2,0.79,430,2.4,0.0,,2023/8/28 20:00,,0.0,0
,27.8,0.82,430,2.4,0.0,,2023/8/28 21:00,,0.0,0
,26.8,0.88,430,1.6,0.0,,2023/8/28 22:00,,0.0,0
,25.6,0.94,430,1.3,0.0,,2023/8/28 23:00,,0.0,0
,26.4,0.86,430,1.5,0.0,,2023/8/29 0:00,,0.0,0
,25.6,0.88,430,1.5,0.0,,2023/8/29 1:00,,0.0,0
,25.3,0.89,430,1.4,0.0,,2023/8/29 2:00,,0.0,0
,24.3,0.95,430,1.2,0.0,,2023/8/29 3:00,,0.0,0
,24.9,0.92,430,1.6,0.0,,2023/8/29 4:00,,0.0,0
,24.2,0.96,430,1.1,0.0,,2023/8/29 5:00,0,0.0,0
,24.6,0.96,430,1,63.0,,2023/8/29 6:00,0.12,33.3,63
,27.1,0.84,430,0.7,351.8,,2023/8/29 7:00,0.67,186.1,351.75
,28.6,0.79,430,0.6,719.3,,2023/8/29 8:00,1.37,380.6,719.25
,29,0.76,430,1,745.5,,2023/8/29 9:00,1.42,394.4,745.5
,30,0.74,430,1.5,682.5,,2023/8/29 10:00,1.3,361.1,682.5
,31.3,0.7,430,1.7,1254.8,,2023/8/29 11:00,2.39,663.9,1254.75
,33.4,0.61,430,2.5,1228.5,,2023/8/29 12:00,2.34,650.0,1228.5
,34.2,0.58,430,3.2,1485.8,,2023/8/29 13:00,2.83,786.1,1485.75
,34.9,0.55,430,3.1,1380.8,,2023/8/29 14:00,2.63,730.6,1380.75
,34.1,0.51,430,4.1,1207.5,,2023/8/29 15:00,2.3,638.9,1207.5
,33.6,0.47,430,2.8,887.3,,2023/8/29 16:00,1.69,469.4,887.25
,32.3,0.49,430,2.6,519.8,,2023/8/29 17:00,0.99,275.0,519.75
,30.5,0.57,430,2.3,162.8,,2023/8/29 18:00,0.31,86.1,162.75
,29.2,0.62,430,2.6,5.3,,2023/8/29 19:00,0.01,2.8,5.25
,28.4,0.78,430,2.5,0.0,,2023/8/29 20:00,,0.0,0
,27.4,0.75,430,2.6,0.0,,2023/8/29 21:00,,0.0,0
,25.6,0.85,430,1.5,0.0,,2023/8/29 22:00,,0.0,0
,25.3,0.86,430,2,0.0,,2023/8/29 23:00,,0.0,0
,25.5,0.86,430,2,0.0,,2023/8/30 0:00,,0.0,0
,24.9,0.89,430,1.5,0.0,,2023/8/30 1:00,,0.0,0
,23.4,0.97,430,1.2,0.0,,2023/8/30 2:00,,0.0,0
,24.1,0.93,430,1.6,0.0,,2023/8/30 3:00,,0.0,0
,24.4,0.93,430,1.6,0.0,,2023/8/30 4:00,,0.0,0
,23.5,0.95,430,1,0.0,,2023/8/30 5:00,0,0.0,0
,24.2,0.97,430,1.1,68.3,,2023/8/30 6:00,0.13,36.1,68.25
,26.6,0.87,430,1.8,362.3,,2023/8/30 7:00,0.69,191.7,362.25
,28.9,0.79,430,1.7,761.3,,2023/8/30 8:00,1.45,402.8,761.25
,30,0.74,430,1.7,845.3,,2023/8/30 9:00,1.61,447.2,845.25
,32.1,0.62,430,2.3,1475.3,,2023/8/30 10:00,2.81,780.6,1475.25
,32,0.62,430,1.5,1470.0,,2023/8/30 11:00,2.8,777.8,1470
,32.9,0.62,430,2.8,903.0,,2023/8/30 12:00,1.72,477.8,903
,34.1,0.57,430,2.9,1485.8,,2023/8/30 13:00,2.83,786.1,1485.75
,34.5,0.52,430,4.1,1365.0,,2023/8/30 14:00,2.6,722.2,1365
,33.5,0.56,430,3.8,1013.3,,2023/8/30 15:00,1.93,536.1,1013.25
,32.2,0.63,430,4.5,666.8,,2023/8/30 16:00,1.27,352.8,666.75
,31.5,0.64,430,4.6,435.8,,2023/8/30 17:00,0.83,230.6,435.75
,30.1,0.68,430,2.8,162.8,,2023/8/30 18:00,0.31,86.1,162.75
,29.2,0.73,430,2.4,0.0,,2023/8/30 19:00,0,0.0,0
,28.4,0.76,430,2.7,0.0,,2023/8/30 20:00,,0.0,0
,27.9,0.82,430,1.7,0.0,,2023/8/30 21:00,,0.0,0
,26.8,0.85,430,1.8,0.0,,2023/8/30 22:00,,0.0,0
,26.2,0.89,430,2,0.0,,2023/8/30 23:00,,0.0,0
,25.9,0.9,430,2.4,0.0,,2023/8/31 0:00,,0.0,0
,25.6,0.91,430,1.9,0.0,,2023/8/31 1:00,,0.0,0
,25.3,0.93,430,2.1,0.0,,2023/8/31 2:00,,0.0,0
,25.4,0.92,430,2.1,0.0,,2023/8/31 3:00,,0.0,0
,25.1,0.93,430,2,0.0,,2023/8/31 4:00,,0.0,0
,24.6,0.96,430,1.9,0.0,,2023/8/31 5:00,0,0.0,0
,24.6,0.96,430,1.7,26.3,,2023/8/31 6:00,0.05,13.9,26.25
,26.9,0.85,430,2.9,309.8,,2023/8/31 7:00,0.59,163.9,309.75
,29.1,0.77,430,3,761.3,,2023/8/31 8:00,1.45,402.8,761.25
,30.5,0.66,430,3.5,1118.3,,2023/8/31 9:00,2.13,591.7,1118.25
,31.6,0.59,430,4.4,1422.8,,2023/8/31 10:00,2.71,752.8,1422.75
,32.7,0.5,430,3.7,1548.8,,2023/8/31 11:00,2.95,819.4,1548.75
,33,0.46,430,3.3,1648.5,,2023/8/31 12:00,3.14,872.2,1648.5
,33.6,0.4,430,4.1,1674.8,,2023/8/31 13:00,3.19,886.1,1674.75
,34.1,0.39,430,4.6,1522.5,,2023/8/31 14:00,2.9,805.6,1522.5
,33.4,0.45,430,4,1092.0,,2023/8/31 15:00,2.08,577.8,1092
,32.1,0.48,430,3.2,756.0,,2023/8/31 16:00,1.44,400.0,756
,30.5,0.56,430,3,194.3,,2023/8/31 17:00,0.37,102.8,194.25
,29.3,0.63,430,2.6,89.3,,2023/8/31 18:00,0.17,47.2,89.25
,28.6,0.68,430,2.4,0.0,,2023/8/31 19:00,0,0.0,0
,27.4,0.76,430,2.2,0.0,,2023/8/31 20:00,,0.0,0
,26.7,0.81,430,2.5,0.0,,2023/8/31 21:00,,0.0,0
,26,0.86,430,2.1,0.0,,2023/8/31 22:00,,0.0,0
,25.5,0.89,430,2.1,0.0,,2023/8/31 23:00,,0.0,0
,25.1,0.92,430,2.2,0.0,,2023/9/1 0:00,,0.0,0
,24.7,0.93,430,1.8,0.0,,2023/9/1 1:00,,0.0,0
,24.8,0.93,430,2.2,0.0,,2023/9/1 2:00,,0.0,0
,24.3,0.94,430,1.8,0.0,,2023/9/1 3:00,,0.0,0
,23.8,0.97,430,1.3,0.0,,2023/9/1 4:00,,0.0,0
,23.9,0.96,430,1.9,0.0,,2023/9/1 5:00,0,0.0,0
,24.2,0.96,430,1.6,57.8,,2023/9/1 6:00,0.11,30.6,57.75
,26.6,0.88,430,1.8,362.3,,2023/9/1 7:00,0.69,191.7,362.25
,28.8,0.73,430,2,735.0,,2023/9/1 8:00,1.4,388.9,735
,30.5,0.64,430,2.7,1060.5,,2023/9/1 9:00,2.02,561.1,1060.5
,31.9,0.6,430,2.9,1323.0,,2023/9/1 10:00,2.52,700.0,1323
,32.3,0.56,430,4.5,1533.0,,2023/9/1 11:00,2.92,811.1,1533
,33.2,0.49,430,4.8,1653.8,,2023/9/1 12:00,3.15,875.0,1653.75
,33.5,0.43,430,4.9,1606.5,,2023/9/1 13:00,3.06,850.0,1606.5
,34.2,0.45,430,3.7,1459.5,,2023/9/1 14:00,2.78,772.2,1459.5
,33.8,0.42,430,5.2,1207.5,,2023/9/1 15:00,2.3,638.9,1207.5
,33.3,0.4,430,4.1,871.5,,2023/9/1 16:00,1.66,461.1,871.5
,31.9,0.47,430,3,504.0,,2023/9/1 17:00,0.96,266.7,504
,30.4,0.51,430,3.3,147.0,,2023/9/1 18:00,0.28,77.8,147
,28.7,0.58,430,2.1,0.0,,2023/9/1 19:00,0,0.0,0
,27.8,0.8,430,2.2,0.0,,2023/9/1 20:00,,0.0,0
,27.4,0.81,430,2.7,0.0,,2023/9/1 21:00,,0.0,0
,26.9,0.85,430,3,0.0,,2023/9/1 22:00,,0.0,0
,26.4,0.89,430,1.7,0.0,,2023/9/1 23:00,,0.0,0
,25.8,0.92,430,1.9,0.0,,2023/9/2 0:00,,0.0,0
,25.2,0.94,430,1.4,0.0,,2023/9/2 1:00,,0.0,0
,25,0.96,430,1.5,0.0,,2023/9/2 2:00,,0.0,0
,25.2,0.94,430,1.6,0.0,,2023/9/2 3:00,,0.0,0
,25,0.95,430,1.3,0.0,,2023/9/2 4:00,,0.0,0
,24.2,0.99,430,1.7,0.0,,2023/9/2 5:00,0,0.0,0
,24.6,0.97,430,0.7,68.3,,2023/9/2 6:00,0.13,36.1,68.25
,27.2,0.87,430,1.9,346.5,,2023/9/2 7:00,0.66,183.3,346.5
,28.9,0.79,430,2.3,624.8,,2023/9/2 8:00,1.19,330.6,624.75
,30,0.71,430,2.1,913.5,,2023/9/2 9:00,1.74,483.3,913.5
,31.5,0.64,430,1.7,908.3,,2023/9/2 10:00,1.73,480.6,908.25
,32.2,0.59,430,2.8,1349.3,,2023/9/2 11:00,2.57,713.9,1349.25
,32.7,0.53,430,2.6,1407.0,,2023/9/2 12:00,2.68,744.4,1407
,33.5,0.52,430,2.2,1391.3,,2023/9/2 13:00,2.65,736.1,1391.25
,33.6,0.53,430,1.2,1197.0,,2023/9/2 14:00,2.28,633.3,1197
,33.3,0.57,430,2.6,1065.8,,2023/9/2 15:00,2.03,563.9,1065.75
,31.7,0.61,430,4,640.5,,2023/9/2 16:00,1.22,338.9,640.5
,30,0.68,430,4.1,283.5,,2023/9/2 17:00,0.54,150.0,283.5
,28.7,0.72,430,3.3,115.5,,2023/9/2 18:00,0.22,61.1,115.5
,27.8,0.76,430,2.3,0.0,,2023/9/2 19:00,0,0.0,0
,27.4,0.8,430,2,0.0,,2023/9/2 20:00,,0.0,0
,26.7,0.85,430,1.9,0.0,,2023/9/2 21:00,,0.0,0
,25.9,0.89,430,1.5,0.0,,2023/9/2 22:00,,0.0,0
,25.9,0.91,430,1.8,0.0,,2023/9/2 23:00,,0.0,0
,24.5,0.96,430,1.2,0.0,,2023/9/3 0:00,,0.0,0
,25,0.95,430,1.2,0.0,,2023/9/3 1:00,,0.0,0
,24.6,0.95,430,1.8,0.0,,2023/9/3 2:00,,0.0,0
,24.8,0.94,430,1.4,0.0,,2023/9/3 3:00,,0.0,0
,24.6,0.96,430,1.7,0.0,,2023/9/3 4:00,,0.0,0
,24.5,0.94,430,1.1,0.0,,2023/9/3 5:00,0,0.0,0
,24.4,0.96,430,1.1,31.5,,2023/9/3 6:00,0.06,16.7,31.5
,26.1,0.9,430,1.7,273.0,,2023/9/3 7:00,0.52,144.4,273
,27.8,0.83,430,2.3,609.0,,2023/9/3 8:00,1.16,322.2,609
,29,0.72,430,2.3,1034.3,,2023/9/3 9:00,1.97,547.2,1034.25
,30.5,0.66,430,2.6,1212.8,,2023/9/3 10:00,2.31,641.7,1212.75
,31.7,0.62,430,3.3,1333.5,,2023/9/3 11:00,2.54,705.6,1333.5
,31.1,0.62,430,3.4,1244.3,,2023/9/3 12:00,2.37,658.3,1244.25
,31.9,0.56,430,2.4,1627.5,,2023/9/3 13:00,3.1,861.1,1627.5
,31.8,0.57,430,3,1349.3,,2023/9/3 14:00,2.57,713.9,1349.25
,30.9,0.6,430,3.6,1039.5,,2023/9/3 15:00,1.98,550.0,1039.5
,29.8,0.7,430,2.6,735.0,,2023/9/3 16:00,1.4,388.9,735
,28.6,0.77,430,2.4,430.5,,2023/9/3 17:00,0.82,227.8,430.5
,27.8,0.81,430,2.9,147.0,,2023/9/3 18:00,0.28,77.8,147
,27.3,0.84,430,2.5,0.0,,2023/9/3 19:00,0,0.0,0
,26.9,0.87,430,2.5,0.0,,2023/9/3 20:00,,0.0,0
,26.7,0.88,430,2.1,0.0,,2023/9/3 21:00,,0.0,0
,26.3,0.9,430,2.1,0.0,,2023/9/3 22:00,,0.0,0
,26.1,0.9,430,2.3,0.0,,2023/9/3 23:00,,0.0,0
,26,0.9,430,2.6,0.0,,2023/9/4 0:00,,0.0,0
,25,0.97,430,2.4,0.0,,2023/9/4 1:00,,0.0,0
,25,0.98,430,1.9,0.0,,2023/9/4 2:00,,0.0,0
,24.7,0.97,430,2.5,0.0,,2023/9/4 3:00,,0.0,0
,24.7,0.98,430,2.1,0.0,,2023/9/4 4:00,,0.0,0
,25.1,0.98,430,2.5,0.0,,2023/9/4 5:00,0,0.0,0
,25.1,0.98,430,2.3,15.8,,2023/9/4 6:00,0.03,8.3,15.75
,25,0.98,430,3.1,63.0,,2023/9/4 7:00,0.12,33.3,63
,25.1,0.96,430,2.9,173.3,,2023/9/4 8:00,0.33,91.7,173.25
,25,0.96,430,3.4,183.8,,2023/9/4 9:00,0.35,97.2,183.75
,25.3,0.97,430,3.6,262.5,,2023/9/4 10:00,0.5,138.9,262.5
,26.1,0.96,430,4.6,735.0,,2023/9/4 11:00,1.4,388.9,735
,26.6,0.91,430,3.1,840.0,,2023/9/4 12:00,1.6,444.4,840
,27.4,0.86,430,3.4,572.3,,2023/9/4 13:00,1.09,302.8,572.25
,27.9,0.82,430,2.5,477.8,,2023/9/4 14:00,0.91,252.8,477.75
,27,0.85,430,2.6,456.8,,2023/9/4 15:00,0.87,241.7,456.75
,27.6,0.86,430,0.9,199.5,,2023/9/4 16:00,0.38,105.6,199.5
,27.3,0.89,430,2.2,110.3,,2023/9/4 17:00,0.21,58.3,110.25
,27.1,0.88,430,2.1,68.3,,2023/9/4 18:00,0.13,36.1,68.25
,27,0.92,430,1.9,0.0,,2023/9/4 19:00,0,0.0,0
,27,0.92,430,2.1,0.0,,2023/9/4 20:00,,0.0,0
,26.7,0.94,430,1.7,0.0,,2023/9/4 21:00,,0.0,0
,26.6,0.94,430,1.8,0.0,,2023/9/4 22:00,,0.0,0
,26.5,0.94,430,1.7,0.0,,2023/9/4 23:00,,0.0,0
,26.1,0.95,430,0.9,0.0,,2023/9/5 0:00,,0.0,0
,25.9,0.96,430,1.2,0.0,,2023/9/5 1:00,,0.0,0
,25.6,0.97,430,1.8,0.0,,2023/9/5 2:00,,0.0,0
,25.6,0.96,430,1.4,0.0,,2023/9/5 3:00,,0.0,0
,25.2,0.98,430,1.5,0.0,,2023/9/5 4:00,,0.0,0
,25,0.98,430,0.8,0.0,,2023/9/5 5:00,0,0.0,0
,25.7,0.97,430,0.4,26.3,,2023/9/5 6:00,0.05,13.9,26.25
,26.4,0.93,430,0.8,199.5,,2023/9/5 7:00,0.38,105.6,199.5
,28.2,0.85,430,1.5,456.8,,2023/9/5 8:00,0.87,241.7,456.75
,29.6,0.82,430,1.9,724.5,,2023/9/5 9:00,1.38,383.3,724.5
,30.8,0.73,430,2.1,824.3,,2023/9/5 10:00,1.57,436.1,824.25
,32.5,0.65,430,3.2,1480.5,,2023/9/5 11:00,2.82,783.3,1480.5
,33.2,0.66,430,4,1149.8,,2023/9/5 12:00,2.19,608.3,1149.75
,33.4,0.66,430,4.4,1312.5,,2023/9/5 13:00,2.5,694.4,1312.5
,32.8,0.64,430,4.3,1401.8,,2023/9/5 14:00,2.67,741.7,1401.75
,33.1,0.64,430,3.5,1144.5,,2023/9/5 15:00,2.18,605.6,1144.5
,31.9,0.66,430,4.2,813.8,,2023/9/5 16:00,1.55,430.6,813.75
,30.9,0.68,430,4.3,451.5,,2023/9/5 17:00,0.86,238.9,451.5
,29.8,0.73,430,3.8,110.3,,2023/9/5 18:00,0.21,58.3,110.25
,28.7,0.78,430,3.9,0.0,,2023/9/5 19:00,0,0.0,0
,28.1,0.82,430,3.1,0.0,,2023/9/5 20:00,,0.0,0
,26.9,0.88,430,1.4,0.0,,2023/9/5 21:00,,0.0,0
,27,0.86,430,2.1,0.0,,2023/9/5 22:00,,0.0,0
,27.1,0.86,430,2.1,0.0,,2023/9/5 23:00,,0.0,0
,25.9,0.88,430,2.6,0.0,,2023/9/6 0:00,,0.0,0
,24.9,0.89,430,2.1,0.0,,2023/9/6 1:00,,0.0,0
,24.6,0.91,430,1.7,0.0,,2023/9/6 2:00,,0.0,0
,24.8,0.87,430,1,0.0,,2023/9/6 3:00,,0.0,0
,24.2,0.93,430,1.5,0.0,,2023/9/6 4:00,,0.0,0
,24.3,0.92,430,1.7,0.0,,2023/9/6 5:00,0,0.0,0
,24.2,0.95,430,1.1,26.3,,2023/9/6 6:00,0.05,13.9,26.25
,25.4,0.9,430,1.3,126.0,,2023/9/6 7:00,0.24,66.7,126
,26.1,0.86,430,1.9,178.5,,2023/9/6 8:00,0.34,94.4,178.5
,27.1,0.86,430,2.1,320.3,,2023/9/6 9:00,0.61,169.4,320.25
,27.4,0.84,430,1.6,351.8,,2023/9/6 10:00,0.67,186.1,351.75
,28.6,0.81,430,3,771.8,,2023/9/6 11:00,1.47,408.3,771.75
,29.2,0.77,430,3.5,903.0,,2023/9/6 12:00,1.72,477.8,903
,31.5,0.67,430,3.6,955.5,,2023/9/6 13:00,1.82,505.6,955.5
,31.1,0.55,430,4.9,1113.0,,2023/9/6 14:00,2.12,588.9,1113
,28,0.72,430,2.9,246.8,,2023/9/6 15:00,0.47,130.6,246.75
,28.6,0.71,430,3.3,351.8,,2023/9/6 16:00,0.67,186.1,351.75
,26.5,0.79,430,4.5,84.0,,2023/9/6 17:00,0.16,44.4,84
,25,0.85,430,1.8,26.3,,2023/9/6 18:00,0.05,13.9,26.25
,24.8,0.9,430,2.1,0.0,,2023/9/6 19:00,0,0.0,0
,24.3,0.93,430,0.8,0.0,,2023/9/6 20:00,,0.0,0
,23.7,0.96,430,2.8,0.0,,2023/9/6 21:00,,0.0,0
,23.2,0.96,430,0.8,0.0,,2023/9/6 22:00,,0.0,0
,23.2,0.93,430,1.5,0.0,,2023/9/6 23:00,,0.0,0
,23.4,0.95,430,1.5,0.0,,2023/9/7 0:00,,0.0,0
,23.3,0.94,430,1.5,0.0,,2023/9/7 1:00,,0.0,0
,23,0.96,430,1.8,0.0,,2023/9/7 2:00,,0.0,0
,22.3,0.98,430,1,0.0,,2023/9/7 3:00,,0.0,0
,21.9,0.99,430,0.5,0.0,,2023/9/7 4:00,,0.0,0
,22.1,0.98,430,1.7,0.0,,2023/9/7 5:00,0,0.0,0
,22.2,0.99,430,1.3,52.5,,2023/9/7 6:00,0.1,27.8,52.5
,23.7,0.92,430,0.6,204.8,,2023/9/7 7:00,0.39,108.3,204.75
,25.7,0.79,430,0.8,567.0,,2023/9/7 8:00,1.08,300.0,567
,27,0.72,430,1,693.0,,2023/9/7 9:00,1.32,366.7,693
,27.7,0.69,430,2.6,939.8,,2023/9/7 10:00,1.79,497.2,939.75
,28.8,0.6,430,2.5,1128.8,,2023/9/7 11:00,2.15,597.2,1128.75
,28.8,0.6,430,1.8,987.0,,2023/9/7 12:00,1.88,522.2,987
,28.3,0.63,430,2.1,913.5,,2023/9/7 13:00,1.74,483.3,913.5
,28.4,0.66,430,2.4,813.8,,2023/9/7 14:00,1.55,430.6,813.75
,28,0.65,430,2.2,567.0,,2023/9/7 15:00,1.08,300.0,567
,27.5,0.63,430,3.1,446.3,,2023/9/7 16:00,0.85,236.1,446.25
,26.9,0.72,430,3.2,189.0,,2023/9/7 17:00,0.36,100.0,189
,26.2,0.8,430,2.1,36.8,,2023/9/7 18:00,0.07,19.4,36.75
,25.8,0.83,430,2.3,0.0,,2023/9/7 19:00,0,0.0,0
,25.6,0.82,430,2.2,0.0,,2023/9/7 20:00,,0.0,0
,25.4,0.83,430,1.2,0.0,,2023/9/7 21:00,,0.0,0
,25.4,0.82,430,3,0.0,,2023/9/7 22:00,,0.0,0
,24.9,0.84,430,1.5,0.0,,2023/9/7 23:00,,0.0,0
,24.3,0.87,430,2.1,0.0,,2023/9/8 0:00,,0.0,0
,23.9,0.88,430,2.8,0.0,,2023/9/8 1:00,,0.0,0
,23.6,0.89,430,1.8,0.0,,2023/9/8 2:00,,0.0,0
,23.2,0.91,430,1.6,0.0,,2023/9/8 3:00,,0.0,0
,22.9,0.94,430,1.9,0.0,,2023/9/8 4:00,,0.0,0
,22.8,0.94,430,1.9,0.0,,2023/9/8 5:00,0,0.0,0
,22.6,0.96,430,2.1,5.3,,2023/9/8 6:00,0.01,2.8,5.25
,22.3,0.97,430,1.3,15.8,,2023/9/8 7:00,0.03,8.3,15.75
,22.2,0.96,430,2.7,21.0,,2023/9/8 8:00,0.04,11.1,21
,21.4,0.93,430,3.9,26.3,,2023/9/8 9:00,0.05,13.9,26.25
,19.9,0.96,430,3.3,26.3,,2023/9/8 10:00,0.05,13.9,26.25
,20,0.97,430,4.8,26.3,,2023/9/8 11:00,0.05,13.9,26.25
,21.3,0.97,430,5.1,42.0,,2023/9/8 12:00,0.08,22.2,42
,21.8,0.98,430,3.4,189.0,,2023/9/8 13:00,0.36,100.0,189
,22.7,0.97,430,3.1,225.8,,2023/9/8 14:00,0.43,119.4,225.75
,22.7,0.97,430,3.6,246.8,,2023/9/8 15:00,0.47,130.6,246.75
,22.9,0.98,430,3.5,141.8,,2023/9/8 16:00,0.27,75.0,141.75
,23.1,0.98,430,2.5,105.0,,2023/9/8 17:00,0.2,55.6,105
,23.5,0.99,430,2.1,36.8,,2023/9/8 18:00,0.07,19.4,36.75
,23.6,0.99,430,0.7,0.0,,2023/9/8 19:00,0,0.0,0
,23.5,0.99,430,1.2,0.0,,2023/9/8 20:00,,0.0,0
,23.5,1,430,0.3,0.0,,2023/9/8 21:00,,0.0,0
,22.6,1,430,1.3,0.0,,2023/9/8 22:00,,0.0,0
,22.3,1,430,1,0.0,,2023/9/8 23:00,,0.0,0
,22.3,1,430,0.9,0.0,,2023/9/9 0:00,,0.0,0
,22.2,1,430,0.8,0.0,,2023/9/9 1:00,,0.0,0
,22.3,1,430,0.7,0.0,,2023/9/9 2:00,,0.0,0
,22.5,1,430,0,0.0,,2023/9/9 3:00,,0.0,0
,22.7,1,430,0.6,0.0,,2023/9/9 4:00,,0.0,0
,22.9,1,430,0.3,0.0,,2023/9/9 5:00,0,0.0,0
,23.2,1,430,0.8,5.3,,2023/9/9 6:00,0.01,2.8,5.25
,22.9,1,430,0.5,68.3,,2023/9/9 7:00,0.13,36.1,68.25
,23.6,1,430,0.6,183.8,,2023/9/9 8:00,0.35,97.2,183.75
,24.8,1,430,0.7,383.3,,2023/9/9 9:00,0.73,202.8,383.25
,27.6,0.89,430,1.5,882.0,,2023/9/9 10:00,1.68,466.7,882
,28.6,0.83,430,2.7,792.8,,2023/9/9 11:00,1.51,419.4,792.75
,28.3,0.87,430,1.8,787.5,,2023/9/9 12:00,1.5,416.7,787.5
,28.6,0.8,430,2.8,677.3,,2023/9/9 13:00,1.29,358.3,677.25
,29.6,0.76,430,3.3,971.3,,2023/9/9 14:00,1.85,513.9,971.25
,30.2,0.72,430,2.8,887.3,,2023/9/9 15:00,1.69,469.4,887.25
,29.8,0.7,430,3.6,803.3,,2023/9/9 16:00,1.53,425.0,803.25
,28.6,0.75,430,2.5,299.3,,2023/9/9 17:00,0.57,158.3,299.25
,27.3,0.81,430,2.4,63.0,,2023/9/9 18:00,0.12,33.3,63
,26.6,0.84,430,3,0.0,,2023/9/9 19:00,0,0.0,0
,26.5,0.84,430,2.2,0.0,,2023/9/9 20:00,,0.0,0
,25.6,0.86,430,1.7,0.0,,2023/9/9 21:00,,0.0,0
,24.8,0.89,430,1.5,0.0,,2023/9/9 22:00,,0.0,0
,23.9,0.94,430,1.9,0.0,,2023/9/9 23:00,,0.0,0
,24,0.93,430,1.7,0.0,,2023/9/10 0:00,,0.0,0
,22.8,0.97,430,1.2,0.0,,2023/9/10 1:00,,0.0,0
,23.7,0.93,430,1.7,0.0,,2023/9/10 2:00,,0.0,0
,23.1,0.95,430,1.6,0.0,,2023/9/10 3:00,,0.0,0
,22.3,0.99,430,1.1,0.0,,2023/9/10 4:00,,0.0,0
,22,1,430,1,0.0,,2023/9/10 5:00,0,0.0,0
,22.5,1,430,0.4,36.8,,2023/9/10 6:00,0.07,19.4,36.75
,25.5,0.95,430,0.8,288.8,,2023/9/10 7:00,0.55,152.8,288.75
,27.2,0.84,430,3,619.5,,2023/9/10 8:00,1.18,327.8,619.5
,28.9,0.77,430,1.6,976.5,,2023/9/10 9:00,1.86,516.7,976.5
,30.9,0.71,430,3.2,1312.5,,2023/9/10 10:00,2.5,694.4,1312.5
,30.9,0.67,430,3.2,1260.0,,2023/9/10 11:00,2.4,666.7,1260
,31.9,0.62,430,3.1,1438.5,,2023/9/10 12:00,2.74,761.1,1438.5
,32.2,0.6,430,3.7,1254.8,,2023/9/10 13:00,2.39,663.9,1254.75
,31.7,0.6,430,3.1,1197.0,,2023/9/10 14:00,2.28,633.3,1197
,32.2,0.62,430,3.6,1008.0,,2023/9/10 15:00,1.92,533.3,1008
,32,0.58,430,3.4,792.8,,2023/9/10 16:00,1.51,419.4,792.75
,30.5,0.65,430,3.2,404.3,,2023/9/10 17:00,0.77,213.9,404.25
,29.4,0.7,430,2.7,84.0,,2023/9/10 18:00,0.16,44.4,84
,28.2,0.75,430,3.1,0.0,,2023/9/10 19:00,0,0.0,0
,27,0.83,430,1.9,0.0,,2023/9/10 20:00,,0.0,0
,26.6,0.86,430,1.8,0.0,,2023/9/10 21:00,,0.0,0
,25.8,0.89,430,1.3,0.0,,2023/9/10 22:00,,0.0,0
,25.3,0.92,430,1.7,0.0,,2023/9/10 23:00,,0.0,0
,24.8,0.96,430,1.7,0.0,,2023/9/11 0:00,,0.0,0
,25.2,0.94,430,1.8,0.0,,2023/9/11 1:00,,0.0,0
,24.3,0.97,430,1.3,0.0,,2023/9/11 2:00,,0.0,0
,24.7,0.96,430,1.5,0.0,,2023/9/11 3:00,,0.0,0
,23.6,0.99,430,1.3,0.0,,2023/9/11 4:00,,0.0,0
,23.4,0.99,430,1.1,0.0,,2023/9/11 5:00,0,0.0,0
,24.5,0.99,430,1.2,47.3,,2023/9/11 6:00,0.09,25.0,47.25
,25.9,0.92,430,1.9,241.5,,2023/9/11 7:00,0.46,127.8,241.5
,27.3,0.85,430,1.5,493.5,,2023/9/11 8:00,0.94,261.1,493.5
,28.8,0.72,430,2.1,761.3,,2023/9/11 9:00,1.45,402.8,761.25
,30.1,0.7,430,1.3,1097.3,,2023/9/11 10:00,2.09,580.6,1097.25
,29.6,0.67,430,2.6,834.8,,2023/9/11 11:00,1.59,441.7,834.75
,30.6,0.65,430,2.7,1123.5,,2023/9/11 12:00,2.14,594.4,1123.5
,30.3,0.66,430,2.3,1181.3,,2023/9/11 13:00,2.25,625.0,1181.25
,30.7,0.64,430,1.9,761.3,,2023/9/11 14:00,1.45,402.8,761.25
,29.7,0.71,430,2.3,346.5,,2023/9/11 15:00,0.66,183.3,346.5
,31.1,0.66,430,2.3,309.8,,2023/9/11 16:00,0.59,163.9,309.75
,29.5,0.7,430,2.6,372.8,,2023/9/11 17:00,0.71,197.2,372.75
,28.3,0.77,430,2.4,42.0,,2023/9/11 18:00,0.08,22.2,42
,27.5,0.82,430,2.3,0.0,,2023/9/11 19:00,0,0.0,0
,26.9,0.84,430,1.9,0.0,,2023/9/11 20:00,,0.0,0
,25.8,0.9,430,1.4,0.0,,2023/9/11 21:00,,0.0,0
,25.6,0.92,430,1.9,0.0,,2023/9/11 22:00,,0.0,0
,25.6,0.92,430,1.9,0.0,,2023/9/11 23:00,,0.0,0
,25.4,0.94,430,1.8,0.0,,2023/9/12 0:00,,0.0,0
,25.3,0.95,430,1.7,0.0,,2023/9/12 1:00,,0.0,0
,25.5,0.94,430,1.5,0.0,,2023/9/12 2:00,,0.0,0
,24.8,0.95,430,1.1,0.0,,2023/9/12 3:00,,0.0,0
,24.1,0.99,430,0.8,0.0,,2023/9/12 4:00,,0.0,0
,24.3,0.99,430,1.4,0.0,,2023/9/12 5:00,0,0.0,0
,24.7,0.98,430,0.9,57.8,,2023/9/12 6:00,0.11,30.6,57.75
,26.9,0.84,430,1.8,409.5,,2023/9/12 7:00,0.78,216.7,409.5
,27.8,0.74,430,1.8,645.8,,2023/9/12 8:00,1.23,341.7,645.75
,29,0.63,430,2,1029.0,,2023/9/12 9:00,1.96,544.4,1029
,29.8,0.65,430,2,1097.3,,2023/9/12 10:00,2.09,580.6,1097.25
,29.3,0.64,430,2,929.3,,2023/9/12 11:00,1.77,491.7,929.25
,30.1,0.59,430,1.3,971.3,,2023/9/12 12:00,1.85,513.9,971.25
,30.5,0.65,430,1.4,813.8,,2023/9/12 13:00,1.55,430.6,813.75
,30.4,0.63,430,3,1060.5,,2023/9/12 14:00,2.02,561.1,1060.5
,30.2,0.66,430,3.2,1092.0,,2023/9/12 15:00,2.08,577.8,1092
,29.7,0.65,430,3.8,661.5,,2023/9/12 16:00,1.26,350.0,661.5
,28.5,0.66,430,3.7,388.5,,2023/9/12 17:00,0.74,205.6,388.5
,27.1,0.71,430,2.7,73.5,,2023/9/12 18:00,0.14,38.9,73.5
,26,0.75,430,2.2,0.0,,2023/9/12 19:00,0,0.0,0
,24.4,0.83,430,1.8,0.0,,2023/9/12 20:00,,0.0,0
,23.4,0.91,430,1.6,0.0,,2023/9/12 21:00,,0.0,0
,22.7,0.95,430,1.4,0.0,,2023/9/12 22:00,,0.0,0
,22.4,0.96,430,1.8,0.0,,2023/9/12 23:00,,0.0,0
,21.8,0.98,430,1.2,0.0,,2023/9/13 0:00,,0.0,0
,21.5,0.99,430,1,0.0,,2023/9/13 1:00,,0.0,0
,21.5,0.99,430,1.1,0.0,,2023/9/13 2:00,,0.0,0
,21.5,1,430,1.5,0.0,,2023/9/13 3:00,,0.0,0
,21.3,1,430,1.2,0.0,,2023/9/13 4:00,,0.0,0
,21.1,1,430,1,0.0,,2023/9/13 5:00,0,0.0,0
,21.1,1,430,0.8,36.8,,2023/9/13 6:00,0.07,19.4,36.75
,23.8,0.94,430,1.5,304.5,,2023/9/13 7:00,0.58,161.1,304.5
,26.6,0.75,430,1.1,672.0,,2023/9/13 8:00,1.28,355.6,672
,27.9,0.67,430,1.5,1039.5,,2023/9/13 9:00,1.98,550.0,1039.5
,29.1,0.57,430,1.6,1302.0,,2023/9/13 10:00,2.48,688.9,1302
,30.7,0.51,430,1,1496.3,,2023/9/13 11:00,2.85,791.7,1496.25
,31.3,0.5,430,2.1,1554.0,,2023/9/13 12:00,2.96,822.2,1554
,31.9,0.52,430,2.4,1506.8,,2023/9/13 13:00,2.87,797.2,1506.75
,31.9,0.53,430,1.5,1354.5,,2023/9/13 14:00,2.58,716.7,1354.5
,30,0.68,430,2.4,960.8,,2023/9/13 15:00,1.83,508.3,960.75
,30.1,0.67,430,2.4,666.8,,2023/9/13 16:00,1.27,352.8,666.75
,28.9,0.73,430,2.9,362.3,,2023/9/13 17:00,0.69,191.7,362.25
,28,0.76,430,2.3,73.5,,2023/9/13 18:00,0.14,38.9,73.5
,27.2,0.78,430,2.4,0.0,,2023/9/13 19:00,0,0.0,0
,26.5,0.84,430,1.1,0.0,,2023/9/13 20:00,,0.0,0
,25.1,0.92,430,1.2,0.0,,2023/9/13 21:00,,0.0,0
,24.6,0.96,430,1.1,0.0,,2023/9/13 22:00,,0.0,0
,24.7,0.95,430,1.4,0.0,,2023/9/13 23:00,,0.0,0
,25.1,0.95,430,1.5,0.0,,2023/9/14 0:00,,0.0,0
,24.5,0.98,430,0.9,0.0,,2023/9/14 1:00,,0.0,0
,23.7,0.99,430,1,0.0,,2023/9/14 2:00,,0.0,0
,23.4,0.99,430,0.8,0.0,,2023/9/14 3:00,,0.0,0
,23.6,1,430,1,0.0,,2023/9/14 4:00,,0.0,0
,24.8,0.99,430,0.9,0.0,,2023/9/14 5:00,0,0.0,0
,25.2,0.98,430,1,21.0,,2023/9/14 6:00,0.04,11.1,21
,25.8,0.94,430,1,152.3,,2023/9/14 7:00,0.29,80.6,152.25
,27.9,0.83,430,1.4,640.5,,2023/9/14 8:00,1.22,338.9,640.5
,28.2,0.77,430,2.1,703.5,,2023/9/14 9:00,1.34,372.2,703.5
,29.7,0.69,430,2.5,803.3,,2023/9/14 10:00,1.53,425.0,803.25
,32,0.68,430,2.3,1018.5,,2023/9/14 11:00,1.94,538.9,1018.5
,32.1,0.57,430,3.7,1569.8,,2023/9/14 12:00,2.99,830.6,1569.75
,32.8,0.56,430,2.6,1506.8,,2023/9/14 13:00,2.87,797.2,1506.75
,32.8,0.53,430,4.1,1281.0,,2023/9/14 14:00,2.44,677.8,1281
,32.5,0.54,430,3.8,1086.8,,2023/9/14 15:00,2.07,575.0,1086.75
,31.4,0.6,430,2.9,714.0,,2023/9/14 16:00,1.36,377.8,714
,30.3,0.66,430,2.9,325.5,,2023/9/14 17:00,0.62,172.2,325.5
,29,0.71,430,2.6,36.8,,2023/9/14 18:00,0.07,19.4,36.75
,28.1,0.78,430,2.6,0.0,,2023/9/14 19:00,0,0.0,0
,27.7,0.8,430,2.4,0.0,,2023/9/14 20:00,,0.0,0
,26.9,0.85,430,1.8,0.0,,2023/9/14 21:00,,0.0,0
,26.6,0.87,430,2,0.0,,2023/9/14 22:00,,0.0,0
,25.3,0.94,430,1.1,0.0,,2023/9/14 23:00,,0.0,0
,24.9,0.96,430,1.3,0.0,,2023/9/15 0:00,,0.0,0
,24.3,0.97,430,0.9,0.0,,2023/9/15 1:00,,0.0,0
,24,0.98,430,1.5,0.0,,2023/9/15 2:00,,0.0,0
,25.1,0.95,430,1.5,0.0,,2023/9/15 3:00,,0.0,0
,24.6,0.97,430,1.5,0.0,,2023/9/15 4:00,,0.0,0
,24.4,0.98,430,1.3,0.0,,2023/9/15 5:00,0,0.0,0
,25,0.97,430,1.2,36.8,,2023/9/15 6:00,0.07,19.4,36.75
,26.9,0.9,430,0.8,273.0,,2023/9/15 7:00,0.52,144.4,273
,28.5,0.78,430,1.1,624.8,,2023/9/15 8:00,1.19,330.6,624.75
,30.4,0.7,430,1.8,971.3,,2023/9/15 9:00,1.85,513.9,971.25
,30.5,0.67,430,2.5,1181.3,,2023/9/15 10:00,2.25,625.0,1181.25
,31,0.62,430,3,1207.5,,2023/9/15 11:00,2.3,638.9,1207.5
,31.1,0.57,430,3.1,1380.8,,2023/9/15 12:00,2.63,730.6,1380.75
,30,0.65,430,3,698.3,,2023/9/15 13:00,1.33,369.4,698.25
,30.7,0.64,430,3.9,1291.5,,2023/9/15 14:00,2.46,683.3,1291.5
,30.5,0.64,430,4.1,918.8,,2023/9/15 15:00,1.75,486.1,918.75
,28.8,0.69,430,2.4,582.8,,2023/9/15 16:00,1.11,308.3,582.75
,28,0.74,430,2.8,210.0,,2023/9/15 17:00,0.4,111.1,210
,27.2,0.79,430,2.2,57.8,,2023/9/15 18:00,0.11,30.6,57.75
,26.8,0.82,430,1.9,0.0,,2023/9/15 19:00,0,0.0,0
,26.1,0.89,430,1.3,0.0,,2023/9/15 20:00,,0.0,0
,26,0.91,430,1.4,0.0,,2023/9/15 21:00,,0.0,0
,25.9,0.92,430,1.5,0.0,,2023/9/15 22:00,,0.0,0
,25.9,0.93,430,1.5,0.0,,2023/9/15 23:00,,0.0,0
,25.7,0.94,430,2.1,0.0,,2023/9/16 0:00,,0.0,0
,25.5,0.94,430,1.7,0.0,,2023/9/16 1:00,,0.0,0
,25,0.95,430,1.6,0.0,,2023/9/16 2:00,,0.0,0
,25.2,0.91,430,2,0.0,,2023/9/16 3:00,,0.0,0
,24.9,0.91,430,1.7,0.0,,2023/9/16 4:00,,0.0,0
,23.6,0.97,430,0.8,0.0,,2023/9/16 5:00,0,0.0,0
,24.6,0.95,430,1,10.5,,2023/9/16 6:00,0.02,5.6,10.5
,25.5,0.9,430,1,89.3,,2023/9/16 7:00,0.17,47.2,89.25
,26.1,0.87,430,1.3,262.5,,2023/9/16 8:00,0.5,138.9,262.5
,27.1,0.85,430,1.3,509.3,,2023/9/16 9:00,0.97,269.4,509.25
,28,0.8,430,0.8,577.5,,2023/9/16 10:00,1.1,305.6,577.5
,29,0.75,430,1.5,950.3,,2023/9/16 11:00,1.81,502.8,950.25
,29.7,0.72,430,1.5,708.8,,2023/9/16 12:00,1.35,375.0,708.75
,30.5,0.69,430,1,903.0,,2023/9/16 13:00,1.72,477.8,903
,31.1,0.69,430,1.5,792.8,,2023/9/16 14:00,1.51,419.4,792.75
,31.8,0.66,430,2.5,934.5,,2023/9/16 15:00,1.78,494.4,934.5
,31.3,0.68,430,2.3,546.0,,2023/9/16 16:00,1.04,288.9,546
,30,0.76,430,2.4,288.8,,2023/9/16 17:00,0.55,152.8,288.75
,28.9,0.78,430,2.7,15.8,,2023/9/16 18:00,0.03,8.3,15.75
,28.5,0.8,430,2.6,0.0,,2023/9/16 19:00,0,0.0,0
,28.4,0.82,430,2.3,0.0,,2023/9/16 20:00,,0.0,0
,28,0.82,430,1.9,0.0,,2023/9/16 21:00,,0.0,0
,27.9,0.84,430,1.7,0.0,,2023/9/16 22:00,,0.0,0
,26.5,0.93,430,1.3,0.0,,2023/9/16 23:00,,0.0,0
,26.6,0.91,430,1.1,0.0,,2023/9/17 0:00,,0.0,0
,25.9,0.96,430,1.4,0.0,,2023/9/17 1:00,,0.0,0
,26.5,0.93,430,1.4,0.0,,2023/9/17 2:00,,0.0,0
,26,0.94,430,1.8,0.0,,2023/9/17 3:00,,0.0,0
,25.1,0.97,430,1.4,0.0,,2023/9/17 4:00,,0.0,0
,24.8,0.99,430,1.2,0.0,,2023/9/17 5:00,0,0.0,0
,25.6,0.97,430,0.9,21.0,,2023/9/17 6:00,0.04,11.1,21
,26.5,0.91,430,1.3,199.5,,2023/9/17 7:00,0.38,105.6,199.5
,27.6,0.85,430,0.8,388.5,,2023/9/17 8:00,0.74,205.6,388.5
,28.6,0.81,430,1.5,535.5,,2023/9/17 9:00,1.02,283.3,535.5
,29,0.81,430,1.4,372.8,,2023/9/17 10:00,0.71,197.2,372.75
,30.3,0.76,430,1.6,735.0,,2023/9/17 11:00,1.4,388.9,735
,31.2,0.72,430,2.5,1013.3,,2023/9/17 12:00,1.93,536.1,1013.25
,33.2,0.62,430,3.2,1302.0,,2023/9/17 13:00,2.48,688.9,1302
,33.1,0.61,430,3.5,1281.0,,2023/9/17 14:00,2.44,677.8,1281
,32.7,0.53,430,4.3,1039.5,,2023/9/17 15:00,1.98,550.0,1039.5
,31.8,0.62,430,3.5,698.3,,2023/9/17 16:00,1.33,369.4,698.25
,30.5,0.67,430,3.8,330.8,,2023/9/17 17:00,0.63,175.0,330.75
,29.2,0.72,430,3.3,52.5,,2023/9/17 18:00,0.1,27.8,52.5
,28.4,0.75,430,2.8,0.0,,2023/9/17 19:00,0,0.0,0
,27.7,0.78,430,2.1,0.0,,2023/9/17 20:00,,0.0,0
,27.7,0.77,430,2.8,0.0,,2023/9/17 21:00,,0.0,0
,27.1,0.82,430,1.8,0.0,,2023/9/17 22:00,,0.0,0
,26.9,0.86,430,2.7,0.0,,2023/9/17 23:00,,0.0,0
,26.8,0.87,430,2.7,0.0,,2023/9/18 0:00,,0.0,0
,26.8,0.86,430,2.1,0.0,,2023/9/18 1:00,,0.0,0
,26.6,0.86,430,2.8,0.0,,2023/9/18 2:00,,0.0,0
,25.3,0.94,430,1,0.0,,2023/9/18 3:00,,0.0,0
,26.1,0.91,430,1.8,0.0,,2023/9/18 4:00,,0.0,0
,25.1,0.95,430,1.3,0.0,,2023/9/18 5:00,0,0.0,0
,25.6,0.96,430,1.8,26.3,,2023/9/18 6:00,0.05,13.9,26.25
,27.8,0.84,430,3,278.3,,2023/9/18 7:00,0.53,147.2,278.25
,28,0.81,430,2.2,451.5,,2023/9/18 8:00,0.86,238.9,451.5
,28.5,0.77,430,3.3,572.3,,2023/9/18 9:00,1.09,302.8,572.25
,31.2,0.68,430,3.6,1097.3,,2023/9/18 10:00,2.09,580.6,1097.25
,31.8,0.63,430,3.1,1454.3,,2023/9/18 11:00,2.77,769.4,1454.25
,32.3,0.61,430,4.1,1312.5,,2023/9/18 12:00,2.5,694.4,1312.5
,33,0.56,430,4.3,1380.8,,2023/9/18 13:00,2.63,730.6,1380.75
,32.6,0.55,430,5.1,1296.8,,2023/9/18 14:00,2.47,686.1,1296.75
,32.1,0.54,430,6,1034.3,,2023/9/18 15:00,1.97,547.2,1034.25
,31.3,0.58,430,5,703.5,,2023/9/18 16:00,1.34,372.2,703.5
,29.9,0.62,430,4.6,341.3,,2023/9/18 17:00,0.65,180.6,341.25
,29.1,0.61,430,3.4,47.3,,2023/9/18 18:00,0.09,25.0,47.25
,28.2,0.69,430,2.6,0.0,,2023/9/18 19:00,0,0.0,0
,27.6,0.72,430,2.8,0.0,,2023/9/18 20:00,,0.0,0
,26.9,0.77,430,2.5,0.0,,2023/9/18 21:00,,0.0,0
,26.3,0.82,430,2.5,0.0,,2023/9/18 22:00,,0.0,0
,25.5,0.84,430,1.5,0.0,,2023/9/18 23:00,,0.0,0
,23.8,0.94,430,1.4,0.0,,2023/9/19 0:00,,0.0,0
,23.6,0.96,430,1.4,0.0,,2023/9/19 1:00,,0.0,0
,23.8,0.97,430,1.6,0.0,,2023/9/19 2:00,,0.0,0
,23.4,0.97,430,1.1,0.0,,2023/9/19 3:00,,0.0,0
,24,0.96,430,1.8,0.0,,2023/9/19 4:00,,0.0,0
,23.9,0.97,430,1.9,0.0,,2023/9/19 5:00,0,0.0,0
,24,0.95,430,1.5,26.3,,2023/9/19 6:00,0.05,13.9,26.25
,25.6,0.88,430,1.1,278.3,,2023/9/19 7:00,0.53,147.2,278.25
,27.9,0.75,430,1.9,635.3,,2023/9/19 8:00,1.21,336.1,635.25
,29.1,0.7,430,2.3,929.3,,2023/9/19 9:00,1.77,491.7,929.25
,30,0.67,430,3.3,960.8,,2023/9/19 10:00,1.83,508.3,960.75
,31.4,0.6,430,2.5,1386.0,,2023/9/19 11:00,2.64,733.3,1386
,32.5,0.58,430,2.6,1580.3,,2023/9/19 12:00,3.01,836.1,1580.25
,32.5,0.56,430,3.7,1485.8,,2023/9/19 13:00,2.83,786.1,1485.75
,32.4,0.58,430,4.1,1260.0,,2023/9/19 14:00,2.4,666.7,1260
,31.9,0.6,430,4.2,1013.3,,2023/9/19 15:00,1.93,536.1,1013.25
,31.1,0.64,430,4,682.5,,2023/9/19 16:00,1.3,361.1,682.5
,29.9,0.68,430,3.9,309.8,,2023/9/19 17:00,0.59,163.9,309.75
,28.8,0.74,430,4.3,42.0,,2023/9/19 18:00,0.08,22.2,42
,28,0.8,430,2.3,0.0,,2023/9/19 19:00,0,0.0,0
,27.8,0.82,430,2.5,0.0,,2023/9/19 20:00,,0.0,0
,27.2,0.85,430,1.4,0.0,,2023/9/19 21:00,,0.0,0
,26.3,0.89,430,1.8,0.0,,2023/9/19 22:00,,0.0,0
,25.4,0.94,430,1.4,0.0,,2023/9/19 23:00,,0.0,0
,25,0.95,430,1,0.0,,2023/9/20 0:00,,0.0,0
,24.3,0.96,430,0.8,0.0,,2023/9/20 1:00,,0.0,0
,24.4,0.96,430,1.5,0.0,,2023/9/20 2:00,,0.0,0
,23.9,0.94,430,1.2,0.0,,2023/9/20 3:00,,0.0,0
,23.9,0.95,430,1.8,0.0,,2023/9/20 4:00,,0.0,0
,23.7,0.95,430,1,0.0,,2023/9/20 5:00,0,0.0,0
,23.5,0.98,430,0.9,36.8,,2023/9/20 6:00,0.07,19.4,36.75
,25.5,0.91,430,0.5,215.3,,2023/9/20 7:00,0.41,113.9,215.25
,26.9,0.85,430,0.7,472.5,,2023/9/20 8:00,0.9,250.0,472.5
,28.1,0.77,430,0.7,525.0,,2023/9/20 9:00,1,277.8,525
,29.5,0.7,430,2.2,1018.5,,2023/9/20 10:00,1.94,538.9,1018.5
,30,0.65,430,0.9,1370.3,,2023/9/20 11:00,2.61,725.0,1370.25
,30.8,0.63,430,0.7,1050.0,,2023/9/20 12:00,2,555.6,1050
,30.1,0.69,430,1.5,698.3,,2023/9/20 13:00,1.33,369.4,698.25
,30.7,0.67,430,2.6,698.3,,2023/9/20 14:00,1.33,369.4,698.25
,28.8,0.74,430,3,456.8,,2023/9/20 15:00,0.87,241.7,456.75
,28.9,0.71,430,2.4,315.0,,2023/9/20 16:00,0.6,166.7,315
,28,0.75,430,3.3,120.8,,2023/9/20 17:00,0.23,63.9,120.75
,25.8,0.93,430,2.4,5.3,,2023/9/20 18:00,0.01,2.8,5.25
,25.1,0.9,430,2.3,0.0,,2023/9/20 19:00,0,0.0,0
,24.9,0.89,430,1.9,0.0,,2023/9/20 20:00,,0.0,0
,25.1,0.89,430,2.4,0.0,,2023/9/20 21:00,,0.0,0
,24.5,0.9,430,1.6,0.0,,2023/9/20 22:00,,0.0,0
,24.1,0.93,430,2.1,0.0,,2023/9/20 23:00,,0.0,0
,23.6,0.89,430,1.7,0.0,,2023/9/21 0:00,,0.0,0
,22.8,0.98,430,0.9,0.0,,2023/9/21 1:00,,0.0,0
,23.3,0.95,430,0.9,0.0,,2023/9/21 2:00,,0.0,0
,23.1,0.97,430,0.7,0.0,,2023/9/21 3:00,,0.0,0
,22.3,0.96,430,0.8,0.0,,2023/9/21 4:00,,0.0,0
,22,0.95,430,0.7,0.0,,2023/9/21 5:00,0,0.0,0
,21.9,0.97,430,0.8,15.8,,2023/9/21 6:00,0.03,8.3,15.75
,24.3,0.84,430,1.2,173.3,,2023/9/21 7:00,0.33,91.7,173.25
,25.3,0.83,430,1.6,288.8,,2023/9/21 8:00,0.55,152.8,288.75
,25.7,0.85,430,1.4,336.0,,2023/9/21 9:00,0.64,177.8,336
,26,0.84,430,1.4,283.5,,2023/9/21 10:00,0.54,150.0,283.5
,27.8,0.84,430,1.8,551.3,,2023/9/21 11:00,1.05,291.7,551.25
,28.9,0.76,430,5,603.8,,2023/9/21 12:00,1.15,319.4,603.75
,29.2,0.74,430,6.1,939.8,,2023/9/21 13:00,1.79,497.2,939.75
,28.9,0.77,430,6.8,603.8,,2023/9/21 14:00,1.15,319.4,603.75
,29.4,0.76,430,6.7,546.0,,2023/9/21 15:00,1.04,288.9,546
,28.7,0.78,430,6.9,315.0,,2023/9/21 16:00,0.6,166.7,315
,28.1,0.81,430,6.8,136.5,,2023/9/21 17:00,0.26,72.2,136.5
,27.8,0.81,430,7.4,15.8,,2023/9/21 18:00,0.03,8.3,15.75
,27.9,0.82,430,7,0.0,,2023/9/21 19:00,0,0.0,0
,28.1,0.79,430,7.6,0.0,,2023/9/21 20:00,,0.0,0
,27.9,0.82,430,6.9,0.0,,2023/9/21 21:00,,0.0,0
,27.9,0.83,430,4.9,0.0,,2023/9/21 22:00,,0.0,0
,28,0.81,430,3.1,0.0,,2023/9/21 23:00,,0.0,0
,25,0.92,430,1.8,0.0,,2023/9/22 0:00,,0.0,0
,24.4,0.97,430,0.8,0.0,,2023/9/22 1:00,,0.0,0
,24.1,0.98,430,1.5,0.0,,2023/9/22 2:00,,0.0,0
,24.1,0.98,430,1.3,0.0,,2023/9/22 3:00,,0.0,0
,24,0.98,430,0.9,0.0,,2023/9/22 4:00,,0.0,0
,23.8,0.99,430,0.7,0.0,,2023/9/22 5:00,0,0.0,0
,24,0.99,430,0.9,10.5,,2023/9/22 6:00,0.02,5.6,10.5
,24.2,0.98,430,1.2,57.8,,2023/9/22 7:00,0.11,30.6,57.75
,24.6,0.96,430,1,120.8,,2023/9/22 8:00,0.23,63.9,120.75
,25.6,0.9,430,0.4,267.8,,2023/9/22 9:00,0.51,141.7,267.75
,25.4,0.94,430,0.2,267.8,,2023/9/22 10:00,0.51,141.7,267.75
,25.6,0.9,430,2.2,294.0,,2023/9/22 11:00,0.56,155.6,294
,25.5,0.79,430,3.6,677.3,,2023/9/22 12:00,1.29,358.3,677.25
,25.7,0.8,430,2.8,808.5,,2023/9/22 13:00,1.54,427.8,808.5
,25.7,0.79,430,2.7,530.3,,2023/9/22 14:00,1.01,280.6,530.25
,25.7,0.78,430,3,530.3,,2023/9/22 15:00,1.01,280.6,530.25
,25.1,0.83,430,2.9,309.8,,2023/9/22 16:00,0.59,163.9,309.75
,24.9,0.82,430,2.9,110.3,,2023/9/22 17:00,0.21,58.3,110.25
,24.4,0.83,430,2.9,31.5,,2023/9/22 18:00,0.06,16.7,31.5
,23.7,0.9,430,2,0.0,,2023/9/22 19:00,0,0.0,0
,23.1,0.92,430,1.9,0.0,,2023/9/22 20:00,,0.0,0
,22.5,0.96,430,0.9,0.0,,2023/9/22 21:00,,0.0,0
,22.3,0.92,430,1.7,0.0,,2023/9/22 22:00,,0.0,0
,22.2,0.99,430,0.4,0.0,,2023/9/22 23:00,,0.0,0
,21.8,0.98,430,1.9,0.0,,2023/9/23 0:00,,0.0,0
,21.2,0.97,430,2.8,0.0,,2023/9/23 1:00,,0.0,0
,21.2,0.98,430,2.2,0.0,,2023/9/23 2:00,,0.0,0
,20.8,0.97,430,2.5,0.0,,2023/9/23 3:00,,0.0,0
,20.8,0.98,430,1.8,0.0,,2023/9/23 4:00,,0.0,0
,20.7,0.98,430,2,0.0,,2023/9/23 5:00,0,0.0,0
,20.6,0.97,430,2.2,0.0,,2023/9/23 6:00,0,0.0,0
,20.7,0.97,430,2.1,21.0,,2023/9/23 7:00,0.04,11.1,21
,20.8,0.98,430,1.9,47.3,,2023/9/23 8:00,0.09,25.0,47.25
,20.8,0.98,430,1.6,136.5,,2023/9/23 9:00,0.26,72.2,136.5
,21.8,0.96,430,2.3,378.0,,2023/9/23 10:00,0.72,200.0,378
,22.2,0.93,430,2.4,483.0,,2023/9/23 11:00,0.92,255.6,483
,23.3,0.86,430,1.9,651.0,,2023/9/23 12:00,1.24,344.4,651
,23.8,0.79,430,3.1,687.8,,2023/9/23 13:00,1.31,363.9,687.75
,23.4,0.8,430,2.5,420.0,,2023/9/23 14:00,0.8,222.2,420
,23.9,0.78,430,2.7,346.5,,2023/9/23 15:00,0.66,183.3,346.5
,22.9,0.79,430,3.6,294.0,,2023/9/23 16:00,0.56,155.6,294
,22.1,0.82,430,1.7,94.5,,2023/9/23 17:00,0.18,50.0,94.5
,21.1,0.88,430,1.4,10.5,,2023/9/23 18:00,0.02,5.6,10.5
,21.1,0.9,430,1.9,0.0,,2023/9/23 19:00,0,0.0,0
,21.4,0.85,430,1.9,0.0,,2023/9/23 20:00,,0.0,0
,19.8,0.86,430,1.7,0.0,,2023/9/23 21:00,,0.0,0
,19.1,0.85,430,2.7,0.0,,2023/9/23 22:00,,0.0,0
,18.7,0.81,430,2.8,0.0,,2023/9/23 23:00,,0.0,0
,18.1,0.83,430,2.4,0.0,,2023/9/24 0:00,,0.0,0
,19,0.8,430,2,0.0,,2023/9/24 1:00,,0.0,0
,19.2,0.77,430,2.2,0.0,,2023/9/24 2:00,,0.0,0
,18.7,0.84,430,1.6,0.0,,2023/9/24 3:00,,0.0,0
,17.3,0.94,430,1.8,0.0,,2023/9/24 4:00,,0.0,0
,17.2,0.9,430,1.9,0.0,,2023/9/24 5:00,0,0.0,0
,16.7,0.92,430,1.7,10.5,,2023/9/24 6:00,0.02,5.6,10.5
,19.3,0.71,430,2.3,157.5,,2023/9/24 7:00,0.3,83.3,157.5
,20.2,0.67,430,2.8,299.3,,2023/9/24 8:00,0.57,158.3,299.25
,22.9,0.58,430,4.2,698.3,,2023/9/24 9:00,1.33,369.4,698.25
,22.8,0.6,430,2.7,1118.3,,2023/9/24 10:00,2.13,591.7,1118.25
,24.4,0.6,430,3.3,1039.5,,2023/9/24 11:00,1.98,550.0,1039.5
,25.3,0.57,430,3.8,1449.0,,2023/9/24 12:00,2.76,766.7,1449
,25.3,0.59,430,2.8,1176.0,,2023/9/24 13:00,2.24,622.2,1176
,25.7,0.56,430,2.7,1312.5,,2023/9/24 14:00,2.5,694.4,1312.5
,25.4,0.5,430,3.4,981.8,,2023/9/24 15:00,1.87,519.4,981.75
,24.3,0.56,430,3.8,682.5,,2023/9/24 16:00,1.3,361.1,682.5
,22.8,0.64,430,2.5,309.8,,2023/9/24 17:00,0.59,163.9,309.75
,21.7,0.69,430,3.3,31.5,,2023/9/24 18:00,0.06,16.7,31.5
,20.6,0.74,430,2.7,0.0,,2023/9/24 19:00,0,0.0,0
,19.9,0.77,430,2.5,0.0,,2023/9/24 20:00,,0.0,0
,19.5,0.8,430,2.6,0.0,,2023/9/24 21:00,,0.0,0
,19.6,0.79,430,2.7,0.0,,2023/9/24 22:00,,0.0,0
,19.3,0.78,430,1.9,0.0,,2023/9/24 23:00,,0.0,0
,17,0.89,430,1.6,0.0,,2023/9/25 0:00,,0.0,0
,16.3,0.94,430,1.9,0.0,,2023/9/25 1:00,,0.0,0
,15.9,0.95,430,1.6,0.0,,2023/9/25 2:00,,0.0,0
,15.3,0.96,430,1.8,0.0,,2023/9/25 3:00,,0.0,0
,15.5,0.95,430,1.3,0.0,,2023/9/25 4:00,,0.0,0
,15.4,0.94,430,1.8,0.0,,2023/9/25 5:00,0,0.0,0
,15.3,0.93,430,1.9,15.8,,2023/9/25 6:00,0.03,8.3,15.75
,17.2,0.85,430,2.3,241.5,,2023/9/25 7:00,0.46,127.8,241.5
,20,0.75,430,1.4,572.3,,2023/9/25 8:00,1.09,302.8,572.25
,21.1,0.7,430,2,771.8,,2023/9/25 9:00,1.47,408.3,771.75
,21,0.71,430,1.6,325.5,,2023/9/25 10:00,0.62,172.2,325.5
,23.4,0.61,430,1.4,703.5,,2023/9/25 11:00,1.34,372.2,703.5
,24.6,0.53,430,2,1307.3,,2023/9/25 12:00,2.49,691.7,1307.25
,26,0.51,430,2.3,1207.5,,2023/9/25 13:00,2.3,638.9,1207.5
,26.4,0.47,430,2.7,1254.8,,2023/9/25 14:00,2.39,663.9,1254.75
,26.1,0.58,430,2,645.8,,2023/9/25 15:00,1.23,341.7,645.75
,26,0.55,430,2.3,556.5,,2023/9/25 16:00,1.06,294.4,556.5
,24.1,0.65,430,1.7,257.3,,2023/9/25 17:00,0.49,136.1,257.25
,23.2,0.74,430,1.9,21.0,,2023/9/25 18:00,0.04,11.1,21
,22,0.82,430,1.5,0.0,,2023/9/25 19:00,0,0.0,0
,21.7,0.86,430,1.6,0.0,,2023/9/25 20:00,,0.0,0
,21.1,0.89,430,1.5,0.0,,2023/9/25 21:00,,0.0,0
,20.4,0.93,430,1.6,0.0,,2023/9/25 22:00,,0.0,0
,19.4,0.97,430,1.5,0.0,,2023/9/25 23:00,,0.0,0
,19,0.97,430,1.4,0.0,,2023/9/26 0:00,,0.0,0
,18,0.99,430,1.1,0.0,,2023/9/26 1:00,,0.0,0
,17.8,0.99,430,1.9,0.0,,2023/9/26 2:00,,0.0,0
,18.1,1,430,1.2,0.0,,2023/9/26 3:00,,0.0,0
,18.1,0.99,430,1.2,0.0,,2023/9/26 4:00,,0.0,0
,18.3,0.98,430,1.6,0.0,,2023/9/26 5:00,0,0.0,0
,18.3,0.97,430,1.4,15.8,,2023/9/26 6:00,0.03,8.3,15.75
,20.3,0.91,430,0.9,204.8,,2023/9/26 7:00,0.39,108.3,204.75
,22.1,0.84,430,0.8,446.3,,2023/9/26 8:00,0.85,236.1,446.25
,24.3,0.74,430,1,687.8,,2023/9/26 9:00,1.31,363.9,687.75
,25.7,0.66,430,1.6,966.0,,2023/9/26 10:00,1.84,511.1,966
,25.7,0.65,430,0.9,913.5,,2023/9/26 11:00,1.74,483.3,913.5
,27,0.64,430,1.7,824.3,,2023/9/26 12:00,1.57,436.1,824.25
,27,0.62,430,1.5,1092.0,,2023/9/26 13:00,2.08,577.8,1092
,26,0.7,430,1.1,530.3,,2023/9/26 14:00,1.01,280.6,530.25
,26,0.62,430,1.9,299.3,,2023/9/26 15:00,0.57,158.3,299.25
,26.3,0.55,430,1.7,288.8,,2023/9/26 16:00,0.55,152.8,288.75
,25.3,0.73,430,1.7,183.8,,2023/9/26 17:00,0.35,97.2,183.75
,23.5,0.8,430,1.2,31.5,,2023/9/26 18:00,0.06,16.7,31.5
,23,0.83,430,1.4,0.0,,2023/9/26 19:00,0,0.0,0
,22.3,0.85,430,1.6,0.0,,2023/9/26 20:00,,0.0,0
,20.9,0.94,430,0.8,0.0,,2023/9/26 21:00,,0.0,0
,21.3,0.91,430,1.6,0.0,,2023/9/26 22:00,,0.0,0
,21.7,0.88,430,1.5,0.0,,2023/9/26 23:00,,0.0,0
,20.9,0.95,430,1.2,0.0,,2023/9/27 0:00,,0.0,0
,20.9,0.95,430,0.8,0.0,,2023/9/27 1:00,,0.0,0
,20.8,0.95,430,0.9,0.0,,2023/9/27 2:00,,0.0,0
,20.6,0.96,430,0.4,0.0,,2023/9/27 3:00,,0.0,0
,20.6,0.97,430,1,0.0,,2023/9/27 4:00,,0.0,0
,20.7,0.97,430,0.6,0.0,,2023/9/27 5:00,0,0.0,0
,20.8,0.97,430,0.4,5.3,,2023/9/27 6:00,0.01,2.8,5.25
,22,0.94,430,0.3,73.5,,2023/9/27 7:00,0.14,38.9,73.5
,23.1,0.83,430,0.9,262.5,,2023/9/27 8:00,0.5,138.9,262.5
,24.3,0.8,430,0.5,393.8,,2023/9/27 9:00,0.75,208.3,393.75
,24.9,0.8,430,0.6,472.5,,2023/9/27 10:00,0.9,250.0,472.5
,26.3,0.75,430,1,1029.0,,2023/9/27 11:00,1.96,544.4,1029
,27.2,0.71,430,0.9,703.5,,2023/9/27 12:00,1.34,372.2,703.5
,29,0.59,430,1.8,876.8,,2023/9/27 13:00,1.67,463.9,876.75
,29.2,0.58,430,2.9,1118.3,,2023/9/27 14:00,2.13,591.7,1118.25
,26.6,0.76,430,3.5,887.3,,2023/9/27 15:00,1.69,469.4,887.25
,25.5,0.79,430,2.8,556.5,,2023/9/27 16:00,1.06,294.4,556.5
,24.2,0.83,430,2.5,178.5,,2023/9/27 17:00,0.34,94.4,178.5
,23.6,0.85,430,3.2,10.5,,2023/9/27 18:00,0.02,5.6,10.5
,23.5,0.86,430,1.8,0.0,,2023/9/27 19:00,,0.0,0
,23.1,0.88,430,2.4,0.0,,2023/9/27 20:00,,0.0,0
,23.2,0.88,430,2,0.0,,2023/9/27 21:00,,0.0,0
,23.2,0.88,430,2.3,0.0,,2023/9/27 22:00,,0.0,0
,23.1,0.88,430,2.4,0.0,,2023/9/27 23:00,,0.0,0
,23.1,0.88,430,2.1,0.0,,2023/9/28 0:00,,0.0,0
,22.7,0.9,430,1.9,0.0,,2023/9/28 1:00,,0.0,0
,22.7,0.9,430,1.8,0.0,,2023/9/28 2:00,,0.0,0
,22.1,0.92,430,1.1,0.0,,2023/9/28 3:00,,0.0,0
,22.1,0.92,430,0.8,0.0,,2023/9/28 4:00,,0.0,0
,22.3,0.92,430,1,0.0,,2023/9/28 5:00,0,0.0,0
,22.1,0.93,430,1.4,5.3,,2023/9/28 6:00,0.01,2.8,5.25
,22.9,0.91,430,1.3,110.3,,2023/9/28 7:00,0.21,58.3,110.25
,23.5,0.9,430,0.2,157.5,,2023/9/28 8:00,0.3,83.3,157.5
,24.3,0.86,430,1.4,378.0,,2023/9/28 9:00,0.72,200.0,378
,25.6,0.85,430,1.4,514.5,,2023/9/28 10:00,0.98,272.2,514.5
,27.1,0.74,430,2.5,1013.3,,2023/9/28 11:00,1.93,536.1,1013.25
,28.7,0.71,430,1,1013.3,,2023/9/28 12:00,1.93,536.1,1013.25
,29.2,0.68,430,1.4,1002.8,,2023/9/28 13:00,1.91,530.6,1002.75
,30.5,0.64,430,1.9,1191.8,,2023/9/28 14:00,2.27,630.6,1191.75
,31,0.63,430,1.4,913.5,,2023/9/28 15:00,1.74,483.3,913.5
,30,0.69,430,1.3,567.0,,2023/9/28 16:00,1.08,300.0,567
,27.9,0.78,430,1.4,225.8,,2023/9/28 17:00,0.43,119.4,225.75
,26.2,0.86,430,1.7,21.0,,2023/9/28 18:00,0.04,11.1,21
,26.6,0.84,430,2.1,0.0,,2023/9/28 19:00,,0.0,0
,25.7,0.87,430,1.8,0.0,,2023/9/28 20:00,,0.0,0
,25.8,0.85,430,1.9,0.0,,2023/9/28 21:00,,0.0,0
,25.2,0.89,430,1.8,0.0,,2023/9/28 22:00,,0.0,0
,24.7,0.91,430,1.6,0.0,,2023/9/28 23:00,,0.0,0
,23.4,0.97,430,0.7,0.0,,2023/9/29 0:00,,0.0,0
,23.7,0.97,430,1.3,0.0,,2023/9/29 1:00,,0.0,0
,23.7,0.96,430,0.6,0.0,,2023/9/29 2:00,,0.0,0
,24.8,0.85,430,1.8,0.0,,2023/9/29 3:00,,0.0,0
,23.9,0.79,430,1.7,0.0,,2023/9/29 4:00,,0.0,0
,23.3,0.81,430,1.8,0.0,,2023/9/29 5:00,,0.0,0
,23.3,0.82,430,1.3,10.5,,2023/9/29 6:00,0.02,5.6,10.5
,24.2,0.8,430,1.4,147.0,,2023/9/29 7:00,0.28,77.8,147
,25.7,0.73,430,2.7,430.5,,2023/9/29 8:00,0.82,227.8,430.5
,26.3,0.66,430,3,834.8,,2023/9/29 9:00,1.59,441.7,834.75
,27.5,0.61,430,2.4,908.3,,2023/9/29 10:00,1.73,480.6,908.25
,27.1,0.64,430,2.6,992.3,,2023/9/29 11:00,1.89,525.0,992.25
,27.2,0.65,430,2.7,882.0,,2023/9/29 12:00,1.68,466.7,882
,27.8,0.6,430,2.6,1018.5,,2023/9/29 13:00,1.94,538.9,1018.5
,27.6,0.62,430,3.1,1181.3,,2023/9/29 14:00,2.25,625.0,1181.25
,27.8,0.61,430,2.7,824.3,,2023/9/29 15:00,1.57,436.1,824.25
,26.9,0.61,430,2.4,378.0,,2023/9/29 16:00,0.72,200.0,378
,25.9,0.63,430,3.1,89.3,,2023/9/29 17:00,0.17,47.2,89.25
,25.1,0.66,430,1.9,15.8,,2023/9/29 18:00,0.03,8.3,15.75
,24,0.76,430,1.6,0.0,,2023/9/29 19:00,,0.0,0
,23.5,0.79,430,1.8,0.0,,2023/9/29 20:00,,0.0,0
,23.3,0.84,430,1.9,0.0,,2023/9/29 21:00,,0.0,0
,22.7,0.88,430,1.5,0.0,,2023/9/29 22:00,,0.0,0
,22.8,0.88,430,1.2,0.0,,2023/9/29 23:00,,0.0,0
,23.4,0.83,430,1.6,0.0,,2023/9/30 0:00,,0.0,0
,22.7,0.87,430,2.1,0.0,,2023/9/30 1:00,,0.0,0
,22.9,0.87,430,1.4,0.0,,2023/9/30 2:00,,0.0,0
,22.2,0.9,430,1.8,0.0,,2023/9/30 3:00,,0.0,0
,22.5,0.89,430,1.9,0.0,,2023/9/30 4:00,,0.0,0
,22.3,0.92,430,1.9,0.0,,2023/9/30 5:00,,0.0,0
,22.1,0.89,430,2.1,10.5,,2023/9/30 6:00,0.02,5.6,10.5
,22.7,0.8,430,2,225.8,,2023/9/30 7:00,0.43,119.4,225.75
,24.1,0.75,430,2.8,598.5,,2023/9/30 8:00,1.14,316.7,598.5
,26.3,0.69,430,2.3,939.8,,2023/9/30 9:00,1.79,497.2,939.75
,26.6,0.69,430,2.5,861.0,,2023/9/30 10:00,1.64,455.6,861
,27.1,0.65,430,2.6,1139.3,,2023/9/30 11:00,2.17,602.8,1139.25
,27.5,0.68,430,2.6,609.0,,2023/9/30 12:00,1.16,322.2,609
,26.2,0.71,430,2.4,682.5,,2023/9/30 13:00,1.3,361.1,682.5
,26.1,0.72,430,1.9,467.3,,2023/9/30 14:00,0.89,247.2,467.25
,27,0.7,430,2.1,897.8,,2023/9/30 15:00,1.71,475.0,897.75
,26.6,0.71,430,1.8,540.8,,2023/9/30 16:00,1.03,286.1,540.75
,25.3,0.78,430,2,173.3,,2023/9/30 17:00,0.33,91.7,173.25
,24.5,0.82,430,1.7,10.5,,2023/9/30 18:00,0.02,5.6,10.5
,23.9,0.85,430,1,0.0,,2023/9/30 19:00,,0.0,0
,23.5,0.88,430,2.1,0.0,,2023/9/30 20:00,,0.0,0
,23.3,0.89,430,1.3,0.0,,2023/9/30 21:00,,0.0,0
,23.4,0.91,430,1.5,0.0,,2023/9/30 22:00,,0.0,0
,23.2,0.93,430,1.6,0.0,,2023/9/30 23:00,,0.0,0
,23.2,0.93,430,1.9,0.0,,,,0.0,0
