t,air_temperature,humidity,ambient_CO2,Wind,PARi,,date
0,29.7,0.53,430,1.6,1858.5,,2023/7/23 12:00
1,30.5,0.53,430,2.3,1758.8,,2023/7/23 13:00
2,30.8,0.58,430,2.4,1606.5,,2023/7/23 14:00
3,30.7,0.6,430,3.9,1365,,2023/7/23 15:00
4,30.1,0.6,430,3.5,1060.5,,2023/7/23 16:00
5,29.6,0.62,430,2.8,708.8,,2023/7/23 17:00
6,28,0.65,430,3.3,346.5,,2023/7/23 18:00
7,26.3,0.69,430,3.4,63,,2023/7/23 19:00
8,25,0.73,430,2.4,0,,2023/7/23 20:00
9,23.9,0.82,430,2.1,0,,2023/7/23 21:00
10,23.7,0.85,430,2.6,0,,2023/7/23 22:00
11,23.2,0.88,430,1.9,0,,2023/7/23 23:00
12,21.7,0.95,430,1.3,0,,2023/7/24 0:00
13,21.4,0.98,430,1.2,0,,2023/7/24 1:00
14,21.1,0.99,430,0.9,0,,2023/7/24 2:00
15,20.7,1,430,0.9,0,,2023/7/24 3:00
16,20.5,1,430,1.2,0,,2023/7/24 4:00
17,20.6,1,430,0.4,5.3,,2023/7/24 5:00
18,21.9,1,430,0.1,157.5,,2023/7/24 6:00
19,25.3,0.87,430,0.5,504,,2023/7/24 7:00
20,26.5,0.76,430,1,855.8,,2023/7/24 8:00
21,28.3,0.68,430,1.6,1202.3,,2023/7/24 9:00
22,30.2,0.63,430,1.8,1443.8,,2023/7/24 10:00
23,31.7,0.55,430,1.9,1690.5,,2023/7/24 11:00
24,33,0.5,430,3.5,1748.3,,2023/7/24 12:00
25,34.2,0.37,430,3.5,1737.8,,2023/7/24 13:00
26,34.7,0.36,430,2.4,1611.8,,2023/7/24 14:00
27,34.6,0.35,430,2.6,1386,,2023/7/24 15:00
28,33.5,0.52,430,4.3,1044.8,,2023/7/24 16:00
29,31.6,0.51,430,3.9,703.5,,2023/7/24 17:00
30,30.7,0.51,430,3.2,351.8,,2023/7/24 18:00
31,29.1,0.6,430,3.1,68.3,,2023/7/24 19:00
32,27.9,0.69,430,2.9,0,,2023/7/24 20:00
33,25.2,0.83,430,1.3,0,,2023/7/24 21:00
34,26.1,0.8,430,2.1,0,,2023/7/24 22:00
35,25.8,0.85,430,1.9,0,,2023/7/24 23:00
36,24.3,0.94,430,1.6,0,,2023/7/25 0:00
37,24,0.94,430,1.9,0,,2023/7/25 1:00
38,22.7,0.98,430,1.3,0,,2023/7/25 2:00
39,22.3,0.99,430,0.9,0,,2023/7/25 3:00
40,22.2,1,430,0.7,0,,2023/7/25 4:00
41,21.8,1,430,0.7,5.3,,2023/7/25 5:00
42,23.6,1,430,1.2,162.8,,2023/7/25 6:00
43,26.5,0.87,430,1.9,498.8,,2023/7/25 7:00
44,28.3,0.77,430,1.9,892.5,,2023/7/25 8:00
45,29.8,0.7,430,1,1233.8,,2023/7/25 9:00
46,31.2,0.61,430,1.2,1501.5,,2023/7/25 10:00
47,33,0.41,430,1,1664.3,,2023/7/25 11:00
48,34.8,0.38,430,1.4,1737.8,,2023/7/25 12:00
49,35.5,0.43,430,1.8,1737.8,,2023/7/25 13:00
50,35.5,0.4,430,2.1,1627.5,,2023/7/25 14:00
51,35.5,0.37,430,2,1370.3,,2023/7/25 15:00
52,34.1,0.51,430,3.9,1060.5,,2023/7/25 16:00
53,33,0.47,430,3.6,703.5,,2023/7/25 17:00
54,31.5,0.45,430,3.6,346.5,,2023/7/25 18:00
55,29.8,0.46,430,2.5,63,,2023/7/25 19:00
56,28.2,0.68,430,2,0,,2023/7/25 20:00
57,27.6,0.75,430,2.1,0,,2023/7/25 21:00
58,25.4,0.86,430,1.6,0,,2023/7/25 22:00
59,24.6,0.88,430,1.5,0,,2023/7/25 23:00
60,24.2,0.91,430,1.5,0,,2023/7/26 0:00
61,23.7,0.94,430,0.3,0,,2023/7/26 1:00
62,23.2,0.97,430,1.5,0,,2023/7/26 2:00
63,23,0.97,430,1.5,0,,2023/7/26 3:00
64,22.9,0.98,430,0.9,0,,2023/7/26 4:00
65,22.6,0.99,430,1.1,5.3,,2023/7/26 5:00
66,23.9,0.96,430,0.3,152.3,,2023/7/26 6:00
67,27.4,0.81,430,0.5,483,,2023/7/26 7:00
68,28.9,0.72,430,0.8,861,,2023/7/26 8:00
69,31.6,0.65,430,1,1197,,2023/7/26 9:00
70,32.4,0.51,430,1.4,1470,,2023/7/26 10:00
71,34.3,0.44,430,1.4,1659,,2023/7/26 11:00
72,35.1,0.45,430,1.4,1743,,2023/7/26 12:00
73,36,0.4,430,2.1,1706.3,,2023/7/26 13:00
74,36,0.39,430,2.2,1575,,2023/7/26 14:00
75,35.9,0.41,430,2.6,1344,,2023/7/26 15:00
76,34.7,0.48,430,3.9,1029,,2023/7/26 16:00
77,32.9,0.49,430,3.5,661.5,,2023/7/26 17:00
78,31.3,0.5,430,3,204.8,,2023/7/26 18:00
79,29.7,0.53,430,2.2,26.3,,2023/7/26 19:00
80,28.8,0.57,430,2,0,,2023/7/26 20:00
81,29.3,0.64,430,2.4,0,,2023/7/26 21:00
82,28.3,0.69,430,2.1,0,,2023/7/26 22:00
83,28,0.68,430,1.9,0,,2023/7/26 23:00
84,25.7,0.81,430,1.3,0,,2023/7/27 0:00
85,25.7,0.85,430,1.5,0,,2023/7/27 1:00
86,25.3,0.88,430,1.1,0,,2023/7/27 2:00
87,26.3,0.82,430,1.2,0,,2023/7/27 3:00
88,25.3,0.87,430,1.2,0,,2023/7/27 4:00
89,24.9,0.93,430,0.7,0,,2023/7/27 5:00
90,26.3,0.85,430,1.5,99.8,,2023/7/27 6:00
91,27.7,0.81,430,1.5,336,,2023/7/27 7:00
92,29.6,0.75,430,1.4,782.3,,2023/7/27 8:00
93,31.7,0.61,430,1.1,1155,,2023/7/27 9:00
94,32.5,0.54,430,1.3,1428,,2023/7/27 10:00
95,33.8,0.53,430,1.5,1617,,2023/7/27 11:00
96,35.3,0.5,430,2,1695.8,,2023/7/27 12:00
97,34.8,0.49,430,2.9,1580.3,,2023/7/27 13:00
98,34.9,0.45,430,3.5,1443.8,,2023/7/27 14:00
99,34.6,0.5,430,4.4,1270.5,,2023/7/27 15:00
100,34.2,0.49,430,4.1,1002.8,,2023/7/27 16:00
101,33,0.44,430,4.3,624.8,,2023/7/27 17:00
102,31.6,0.61,430,3,162.8,,2023/7/27 18:00
103,30.4,0.63,430,2.5,15.8,,2023/7/27 19:00
104,29.4,0.68,430,2.6,0,,2023/7/27 20:00
105,28.4,0.73,430,2.7,0,,2023/7/27 21:00
106,27.7,0.77,430,2.9,0,,2023/7/27 22:00
107,26.3,0.82,430,1.5,0,,2023/7/27 23:00
108,25.1,0.88,430,0.9,0,,2023/7/28 0:00
109,25.6,0.87,430,1.2,0,,2023/7/28 1:00
110,26.9,0.83,430,2.2,0,,2023/7/28 2:00
111,25.9,0.9,430,1.5,0,,2023/7/28 3:00
112,25.1,0.95,430,1.6,0,,2023/7/28 4:00
113,24.9,0.96,430,0.9,5.3,,2023/7/28 5:00
114,26.6,0.9,430,1.3,147,,2023/7/28 6:00
115,28.3,0.82,430,1.3,462,,2023/7/28 7:00
116,29.2,0.78,430,0.6,656.3,,2023/7/28 8:00
117,31,0.7,430,1.9,1128.8,,2023/7/28 9:00
118,32.5,0.63,430,1.7,1512,,2023/7/28 10:00
119,33.7,0.52,430,2.3,1648.5,,2023/7/28 11:00
120,33.8,0.48,430,2.4,1727.3,,2023/7/28 12:00
121,35.2,0.44,430,2.9,1706.3,,2023/7/28 13:00
122,35.6,0.5,430,3,1580.3,,2023/7/28 14:00
123,34.9,0.54,430,3.7,1349.3,,2023/7/28 15:00
124,33.5,0.54,430,4.7,1023.8,,2023/7/28 16:00
125,33.1,0.48,430,3.8,672,,2023/7/28 17:00
126,31.4,0.47,430,2.9,178.5,,2023/7/28 18:00
127,30,0.51,430,3.4,21,,2023/7/28 19:00
128,28.7,0.63,430,2.8,0,,2023/7/28 20:00
129,28,0.74,430,2.9,0,,2023/7/28 21:00
130,27.3,0.79,430,2.3,0,,2023/7/28 22:00
131,26.6,0.81,430,1.7,0,,2023/7/28 23:00
132,25.1,0.88,430,1.6,0,,2023/7/29 0:00
133,25.3,0.87,430,1.2,0,,2023/7/29 1:00
134,24.4,0.92,430,1.8,0,,2023/7/29 2:00
135,23.9,0.93,430,1.3,0,,2023/7/29 3:00
136,23.3,0.98,430,1.6,0,,2023/7/29 4:00
137,24,0.98,430,1.9,5.3,,2023/7/29 5:00
138,26,0.86,430,1.6,157.5,,2023/7/29 6:00
139,28,0.77,430,2.2,504,,2023/7/29 7:00
140,29.4,0.69,430,2.7,876.8,,2023/7/29 8:00
141,30.9,0.64,430,3.3,1223.3,,2023/7/29 9:00
142,32.2,0.6,430,2.9,1501.5,,2023/7/29 10:00
143,33,0.52,430,2.9,1695.8,,2023/7/29 11:00
144,33.9,0.46,430,3.9,1769.3,,2023/7/29 12:00
145,34.3,0.42,430,4.4,1753.5,,2023/7/29 13:00
146,35.6,0.35,430,3.2,1638,,2023/7/29 14:00
147,34.9,0.39,430,4,1407,,2023/7/29 15:00
148,34.4,0.44,430,4.2,1086.8,,2023/7/29 16:00
149,33.4,0.48,430,4.2,719.3,,2023/7/29 17:00
150,31.1,0.55,430,3.1,304.5,,2023/7/29 18:00
151,29.4,0.6,430,2.5,21,,2023/7/29 19:00
152,28.1,0.71,430,2.7,0,,2023/7/29 20:00
153,27.8,0.76,430,2.3,0,,2023/7/29 21:00
154,27.3,0.75,430,2.2,0,,2023/7/29 22:00
155,24.7,0.88,430,1.2,0,,2023/7/29 23:00
156,25.3,0.86,430,1.4,0,,2023/7/30 0:00
157,25.2,0.89,430,1.9,0,,2023/7/30 1:00
158,24.6,0.92,430,1.8,0,,2023/7/30 2:00
159,24.3,0.95,430,1.7,0,,2023/7/30 3:00
160,23.5,0.98,430,0.9,0,,2023/7/30 4:00
161,23.8,0.97,430,1.6,5.3,,2023/7/30 5:00
162,25.7,0.91,430,2.1,157.5,,2023/7/30 6:00
163,28.2,0.78,430,1.7,504,,2023/7/30 7:00
164,29.4,0.69,430,1.5,876.8,,2023/7/30 8:00
165,31.5,0.63,430,2.2,1223.3,,2023/7/30 9:00
166,32.8,0.57,430,1.7,1485.8,,2023/7/30 10:00
167,33.9,0.51,430,2.2,1659,,2023/7/30 11:00
168,35.5,0.52,430,3.2,1737.8,,2023/7/30 12:00
169,35.5,0.45,430,3.7,1711.5,,2023/7/30 13:00
170,36,0.44,430,3.1,1585.5,,2023/7/30 14:00
171,35.8,0.44,430,4.1,1359.8,,2023/7/30 15:00
172,34.7,0.46,430,4.1,1065.8,,2023/7/30 16:00
173,33.3,0.52,430,4.7,708.8,,2023/7/30 17:00
174,31.4,0.62,430,3.8,341.3,,2023/7/30 18:00
175,29.8,0.68,430,3.4,52.5,,2023/7/30 19:00
176,29.2,0.71,430,4.6,0,,2023/7/30 20:00
177,28.6,0.75,430,3.7,0,,2023/7/30 21:00
178,28.1,0.78,430,3.3,0,,2023/7/30 22:00
179,27.9,0.8,430,3.4,0,,2023/7/30 23:00
180,27.6,0.81,430,3.3,0,,2023/7/31 0:00
181,26.8,0.85,430,1.8,0,,2023/7/31 1:00
182,25.7,0.88,430,1.5,0,,2023/7/31 2:00
183,25.1,0.9,430,1.9,0,,2023/7/31 3:00
184,24.1,0.94,430,1.3,0,,2023/7/31 4:00
185,24.1,0.97,430,1.3,5.3,,2023/7/31 5:00
186,25.6,0.94,430,0.7,152.3,,2023/7/31 6:00
187,28.6,0.78,430,2,399,,2023/7/31 7:00
188,30.1,0.72,430,2.5,614.3,,2023/7/31 8:00
189,32,0.66,430,2.8,1113,,2023/7/31 9:00
190,32.4,0.64,430,2,1202.3,,2023/7/31 10:00
191,34.1,0.58,430,2.1,1386,,2023/7/31 11:00
192,34.9,0.53,430,4.2,1480.5,,2023/7/31 12:00
193,35.1,0.49,430,4.2,1648.5,,2023/7/31 13:00
194,35.1,0.51,430,4.6,1559.3,,2023/7/31 14:00
195,34.1,0.49,430,5,1349.3,,2023/7/31 15:00
196,32.2,0.57,430,4,771.8,,2023/7/31 16:00
197,30.7,0.64,430,5.6,357,,2023/7/31 17:00
198,30,0.65,430,4.7,162.8,,2023/7/31 18:00
199,29.2,0.73,430,4,10.5,,2023/7/31 19:00
200,28.8,0.76,430,3.1,0,,2023/7/31 20:00
201,28.7,0.77,430,2.9,0,,2023/7/31 21:00
202,28.3,0.79,430,3,0,,2023/7/31 22:00
203,28,0.81,430,1.9,0,,2023/7/31 23:00
204,27.3,0.84,430,1.4,0,,2023/8/1 0:00
205,27.3,0.84,430,1.6,0,,2023/8/1 1:00
206,27,0.85,430,1.5,0,,2023/8/1 2:00
207,26.8,0.85,430,1.4,0,,2023/8/1 3:00
208,26.6,0.87,430,1.1,0,,2023/8/1 4:00
209,25.9,0.92,430,0.9,0,,2023/8/1 5:00
210,26.4,0.91,430,1.9,42,,2023/8/1 6:00
211,27.3,0.88,430,2.1,152.3,,2023/8/1 7:00
212,28,0.86,430,1.7,357,,2023/8/1 8:00
213,29.3,0.8,430,1.1,588,,2023/8/1 9:00
214,27.9,0.75,430,4,656.3,,2023/8/1 10:00
215,25.4,0.8,430,2.4,493.5,,2023/8/1 11:00
216,24.4,0.87,430,4.2,47.3,,2023/8/1 12:00
217,22.9,0.96,430,2.3,84,,2023/8/1 13:00
218,23.5,0.96,430,1.3,115.5,,2023/8/1 14:00
219,23.4,0.97,430,1.1,94.5,,2023/8/1 15:00
220,23.6,0.98,430,1.1,115.5,,2023/8/1 16:00
221,25.6,0.81,430,0.8,330.8,,2023/8/1 17:00
222,24.4,0.86,430,2.2,257.3,,2023/8/1 18:00
223,23.3,0.91,430,1.9,10.5,,2023/8/1 19:00
224,22.7,0.97,430,1.5,0,,2023/8/1 20:00
225,22.8,0.97,430,0.7,0,,2023/8/1 21:00
226,23,0.96,430,1.4,0,,2023/8/1 22:00
227,22.5,0.98,430,1.7,0,,2023/8/1 23:00
228,22.3,0.99,430,0.7,0,,2023/8/2 0:00
229,22.4,0.99,430,1.2,0,,2023/8/2 1:00
230,23.5,0.98,430,1.5,0,,2023/8/2 2:00
231,23,0.99,430,0.7,0,,2023/8/2 3:00
232,23,1,430,1.1,0,,2023/8/2 4:00
233,23.2,0.99,430,1.8,5.3,,2023/8/2 5:00
234,24.5,0.92,430,0.8,204.8,,2023/8/2 6:00
235,26.6,0.76,430,1.2,661.5,,2023/8/2 7:00
236,27.9,0.69,430,1.4,882,,2023/8/2 8:00
237,29.6,0.69,430,2.4,1181.3,,2023/8/2 9:00
238,30.4,0.67,430,2,1401.8,,2023/8/2 10:00
239,31.6,0.64,430,2,1569.8,,2023/8/2 11:00
240,33,0.54,430,2.3,1753.5,,2023/8/2 12:00
241,33.1,0.55,430,2.8,1659,,2023/8/2 13:00
242,34,0.54,430,4.4,1569.8,,2023/8/2 14:00
243,34,0.49,430,4.1,1354.5,,2023/8/2 15:00
244,33.8,0.51,430,5.4,1034.3,,2023/8/2 16:00
245,32.8,0.51,430,4.3,719.3,,2023/8/2 17:00
246,31,0.56,430,4,273,,2023/8/2 18:00
247,29.4,0.65,430,3.7,21,,2023/8/2 19:00
248,28.7,0.71,430,3.4,0,,2023/8/2 20:00
249,27.9,0.74,430,2.7,0,,2023/8/2 21:00
250,27,0.81,430,2.4,0,,2023/8/2 22:00
251,26.7,0.84,430,2.2,0,,2023/8/2 23:00
252,26,0.88,430,1.9,0,,2023/8/3 0:00
253,26,0.9,430,1.9,0,,2023/8/3 1:00
254,26.9,0.87,430,2.5,0,,2023/8/3 2:00
255,26.6,0.88,430,1.9,0,,2023/8/3 3:00
256,26.5,0.89,430,1.9,0,,2023/8/3 4:00
257,24.9,0.96,430,1.3,5.3,,2023/8/3 5:00
258,26.9,0.87,430,1.4,147,,2023/8/3 6:00
259,28.5,0.8,430,2.5,493.5,,2023/8/3 7:00
260,29.5,0.74,430,2.2,745.5,,2023/8/3 8:00
261,31.1,0.65,430,3.5,1186.5,,2023/8/3 9:00
262,32.2,0.57,430,2.8,1480.5,,2023/8/3 10:00
263,33.6,0.54,430,3,1758.8,,2023/8/3 11:00
264,34.2,0.56,430,3.7,1407,,2023/8/3 12:00
265,34.1,0.52,430,3.7,1627.5,,2023/8/3 13:00
266,34,0.52,430,5.1,1585.5,,2023/8/3 14:00
267,33.8,0.53,430,5.8,1349.3,,2023/8/3 15:00
268,32.9,0.53,430,6.4,1039.5,,2023/8/3 16:00
269,32,0.58,430,5,682.5,,2023/8/3 17:00
270,30.3,0.67,430,4,320.3,,2023/8/3 18:00
271,29.1,0.72,430,2.8,42,,2023/8/3 19:00
272,28.3,0.78,430,3.5,0,,2023/8/3 20:00
273,28,0.79,430,2.8,0,,2023/8/3 21:00
274,27.9,0.78,430,2.7,0,,2023/8/3 22:00
275,27.3,0.85,430,2,0,,2023/8/3 23:00
276,26.6,0.84,430,1.2,0,,2023/8/4 0:00
277,26.1,0.85,430,1.5,0,,2023/8/4 1:00
278,25,0.92,430,1.5,0,,2023/8/4 2:00
279,24,0.96,430,1,0,,2023/8/4 3:00
280,23.8,0.98,430,1,0,,2023/8/4 4:00
281,23.6,0.99,430,1.2,0,,2023/8/4 5:00
282,24.9,0.98,430,0.5,126,,2023/8/4 6:00
283,28.1,0.79,430,0.8,451.5,,2023/8/4 7:00
284,30.1,0.73,430,1.6,813.8,,2023/8/4 8:00
285,31.4,0.68,430,1.4,1144.5,,2023/8/4 9:00
286,32.8,0.59,430,2.4,1401.8,,2023/8/4 10:00
287,34.2,0.58,430,2.1,1601.3,,2023/8/4 11:00
288,34.7,0.54,430,0.9,1575,,2023/8/4 12:00
289,35.8,0.48,430,1.1,1606.5,,2023/8/4 13:00
290,36.9,0.43,430,2.1,1407,,2023/8/4 14:00
291,35.1,0.49,430,3.5,782.3,,2023/8/4 15:00
292,33,0.59,430,2,430.5,,2023/8/4 16:00
293,28.1,0.76,430,3.2,126,,2023/8/4 17:00
294,30.1,0.68,430,2.2,110.3,,2023/8/4 18:00
295,29.1,0.72,430,1.4,42,,2023/8/4 19:00
296,29.9,0.71,430,3.2,0,,2023/8/4 20:00
297,28.9,0.77,430,3.1,0,,2023/8/4 21:00
298,28.5,0.8,430,2.3,0,,2023/8/4 22:00
299,27.7,0.83,430,1.7,0,,2023/8/4 23:00
300,26.1,0.92,430,0.7,0,,2023/8/5 0:00
301,27,0.85,430,1.9,0,,2023/8/5 1:00
302,25.3,0.95,430,0.7,0,,2023/8/5 2:00
303,24.8,0.96,430,1.1,0,,2023/8/5 3:00
304,24.8,0.97,430,1.7,0,,2023/8/5 4:00
305,24.6,0.98,430,0.9,0,,2023/8/5 5:00
306,26.5,0.91,430,1,126,,2023/8/5 6:00
307,28.9,0.83,430,1.8,451.5,,2023/8/5 7:00
308,31,0.7,430,2.1,871.5,,2023/8/5 8:00
309,32.1,0.65,430,2,1160.3,,2023/8/5 9:00
310,32.2,0.64,430,2.3,1260,,2023/8/5 10:00
311,33.7,0.56,430,2.5,1359.8,,2023/8/5 11:00
312,34.4,0.55,430,3.8,1585.5,,2023/8/5 12:00
313,34.6,0.5,430,4.9,1701,,2023/8/5 13:00
314,34.6,0.52,430,4.6,1480.5,,2023/8/5 14:00
315,33.8,0.51,430,5.8,1333.5,,2023/8/5 15:00
316,33.7,0.5,430,4.5,1008,,2023/8/5 16:00
317,32.9,0.53,430,4.3,651,,2023/8/5 17:00
318,31.2,0.61,430,3.8,288.8,,2023/8/5 18:00
319,29.8,0.71,430,3.7,36.8,,2023/8/5 19:00
320,28.9,0.76,430,2.4,0,,2023/8/5 20:00
321,28.3,0.79,430,1.6,0,,2023/8/5 21:00
322,28.3,0.77,430,3.1,0,,2023/8/5 22:00
323,28.1,0.8,430,3.5,0,,2023/8/5 23:00
324,27.9,0.82,430,3.4,0,,2023/8/6 0:00
325,27.7,0.82,430,3.6,0,,2023/8/6 1:00
326,26.8,0.84,430,1.9,0,,2023/8/6 2:00
327,26.2,0.89,430,1.6,0,,2023/8/6 3:00
328,26.4,0.89,430,1.4,0,,2023/8/6 4:00
329,25.5,0.93,430,1.8,0,,2023/8/6 5:00
330,26.5,0.89,430,1.6,110.3,,2023/8/6 6:00
331,28.5,0.8,430,2.1,430.5,,2023/8/6 7:00
332,29.6,0.74,430,2.8,582.8,,2023/8/6 8:00
333,29.8,0.69,430,3.3,861,,2023/8/6 9:00
334,33.2,0.6,430,2.9,955.5,,2023/8/6 10:00
335,32.6,0.56,430,4.1,1449,,2023/8/6 11:00
336,24.9,0.96,430,1.8,210,,2023/8/6 12:00
337,30.6,0.73,430,1.9,976.5,,2023/8/6 13:00
338,28.4,0.81,430,3.3,519.8,,2023/8/6 14:00
339,30.3,0.75,430,2.7,787.5,,2023/8/6 15:00
340,31.2,0.64,430,4.9,887.3,,2023/8/6 16:00
341,29.5,0.73,430,4.4,430.5,,2023/8/6 17:00
342,28.5,0.76,430,3.7,152.3,,2023/8/6 18:00
343,28.1,0.81,430,3.1,36.8,,2023/8/6 19:00
344,27.2,0.88,430,2.2,0,,2023/8/6 20:00
345,26.9,0.85,430,2.5,0,,2023/8/6 21:00
346,26.4,0.89,430,2.4,0,,2023/8/6 22:00
347,26.4,0.9,430,2.3,0,,2023/8/6 23:00
348,26.2,0.91,430,1.8,0,,2023/8/7 0:00
349,25.8,0.92,430,1.9,0,,2023/8/7 1:00
350,25.6,0.92,430,1.8,0,,2023/8/7 2:00
351,24.6,0.97,430,1.1,0,,2023/8/7 3:00
352,24.9,0.94,430,1.7,0,,2023/8/7 4:00
353,25.2,0.94,430,1.9,0,,2023/8/7 5:00
354,25.9,0.9,430,1.6,120.8,,2023/8/7 6:00
355,27.8,0.82,430,2,462,,2023/8/7 7:00
356,29.7,0.74,430,3.1,771.8,,2023/8/7 8:00
357,30.5,0.73,430,3,1139.3,,2023/8/7 9:00
358,30.4,0.72,430,2.8,1076.3,,2023/8/7 10:00
359,31.7,0.65,430,3,1291.5,,2023/8/7 11:00
360,33,0.57,430,4.2,1380.8,,2023/8/7 12:00
361,32.7,0.61,430,3.5,1533,,2023/8/7 13:00
362,32.9,0.57,430,3.4,1065.8,,2023/8/7 14:00
363,32.6,0.58,430,3.3,803.3,,2023/8/7 15:00
364,32.5,0.55,430,4.3,792.8,,2023/8/7 16:00
365,30.9,0.6,430,3.6,357,,2023/8/7 17:00
366,29.9,0.67,430,3.9,204.8,,2023/8/7 18:00
367,28.7,0.75,430,3.5,26.3,,2023/8/7 19:00
368,27.8,0.83,430,3.1,0,,2023/8/7 20:00
369,27.3,0.88,430,2.4,0,,2023/8/7 21:00
370,27.1,0.89,430,1.5,0,,2023/8/7 22:00
371,26.9,0.9,430,1.3,0,,2023/8/7 23:00
372,26.5,0.92,430,1.2,0,,2023/8/8 0:00
373,26.2,0.95,430,1,0,,2023/8/8 1:00
374,26,0.94,430,1.8,0,,2023/8/8 2:00
375,26,0.95,430,1.9,0,,2023/8/8 3:00
376,25.3,0.91,430,2.2,0,,2023/8/8 4:00
377,25.2,0.97,430,2,0,,2023/8/8 5:00
378,25.8,0.92,430,1.3,105,,2023/8/8 6:00
379,27.6,0.88,430,1.6,514.5,,2023/8/8 7:00
380,29.5,0.78,430,1.9,866.3,,2023/8/8 8:00
381,28.9,0.77,430,2,1060.5,,2023/8/8 9:00
382,31.6,0.7,430,1.7,1160.3,,2023/8/8 10:00
383,32.2,0.62,430,1.5,1774.5,,2023/8/8 11:00
384,30.5,0.74,430,2.8,1018.5,,2023/8/8 12:00
385,30.9,0.71,430,3.1,1249.5,,2023/8/8 13:00
386,31.5,0.68,430,4,987,,2023/8/8 14:00
387,30.9,0.72,430,2.5,582.8,,2023/8/8 15:00
388,31.7,0.65,430,4.2,519.8,,2023/8/8 16:00
389,30.9,0.67,430,3.6,677.3,,2023/8/8 17:00
390,29.8,0.73,430,2.9,246.8,,2023/8/8 18:00
391,28.8,0.78,430,2.9,15.8,,2023/8/8 19:00
392,28.2,0.83,430,2.5,0,,2023/8/8 20:00
393,27.8,0.87,430,2.8,0,,2023/8/8 21:00
394,27.4,0.89,430,2.3,0,,2023/8/8 22:00
395,27.5,0.9,430,1.8,0,,2023/8/8 23:00
396,27,0.92,430,1.6,0,,2023/8/9 0:00
397,26.6,0.93,430,1.5,0,,2023/8/9 1:00
398,26.3,0.95,430,1.2,0,,2023/8/9 2:00
399,26.6,0.95,430,1.6,0,,2023/8/9 3:00
400,26.7,0.95,430,1.4,0,,2023/8/9 4:00
401,26.4,0.93,430,1.6,0,,2023/8/9 5:00
402,26.8,0.92,430,2.2,89.3,,2023/8/9 6:00
403,27.4,0.88,430,2.9,262.5,,2023/8/9 7:00
404,28.4,0.83,430,2.1,435.8,,2023/8/9 8:00
405,30,0.76,430,4,530.3,,2023/8/9 9:00
406,27.8,0.91,430,4.2,588,,2023/8/9 10:00
407,30.6,0.77,430,3.8,1517.3,,2023/8/9 11:00
408,30.6,0.74,430,4.8,1265.3,,2023/8/9 12:00
409,31.7,0.77,430,3.7,971.3,,2023/8/9 13:00
410,30.4,0.74,430,3.2,330.8,,2023/8/9 14:00
411,30.1,0.77,430,3.7,294,,2023/8/9 15:00
412,28.8,0.86,430,1.1,215.3,,2023/8/9 16:00
413,27.1,0.95,430,2,147,,2023/8/9 17:00
414,27.3,0.93,430,3.2,78.8,,2023/8/9 18:00
415,27.4,0.93,430,2,15.8,,2023/8/9 19:00
416,27.1,0.93,430,2.7,0,,2023/8/9 20:00
417,26.8,0.91,430,3.9,0,,2023/8/9 21:00
418,26.5,0.93,430,1.7,0,,2023/8/9 22:00
419,26.4,0.94,430,1.7,0,,2023/8/9 23:00
420,26.1,0.95,430,1.3,0,,2023/8/10 0:00
421,25.9,0.95,430,1.2,0,,2023/8/10 1:00
422,25.7,0.96,430,1.4,0,,2023/8/10 2:00
423,25.9,0.96,430,1.4,0,,2023/8/10 3:00
424,25.5,0.95,430,1.4,0,,2023/8/10 4:00
425,25.2,0.95,430,1.4,0,,2023/8/10 5:00
426,25.9,0.93,430,1.2,105,,2023/8/10 6:00
427,27.6,0.84,430,2.8,451.5,,2023/8/10 7:00
428,28.5,0.78,430,3.3,666.8,,2023/8/10 8:00
429,29.5,0.68,430,2.6,966,,2023/8/10 9:00
430,31.2,0.63,430,3,1155,,2023/8/10 10:00
431,31.5,0.57,430,3.9,1648.5,,2023/8/10 11:00
432,31.8,0.54,430,3.6,1454.3,,2023/8/10 12:00
433,33,0.52,430,4.1,1617,,2023/8/10 13:00
434,32.6,0.53,430,4.3,1281,,2023/8/10 14:00
435,31.9,0.56,430,3.9,1333.5,,2023/8/10 15:00
436,31.8,0.61,430,2.5,777,,2023/8/10 16:00
437,30,0.68,430,3.1,357,,2023/8/10 17:00
438,29.1,0.74,430,3.2,210,,2023/8/10 18:00
439,28.4,0.75,430,2.5,31.5,,2023/8/10 19:00
440,27.6,0.83,430,2.2,0,,2023/8/10 20:00
441,27.4,0.86,430,1.5,0,,2023/8/10 21:00
442,26.9,0.9,430,1.6,0,,2023/8/10 22:00
443,26.6,0.92,430,1.1,0,,2023/8/10 23:00
444,26,0.95,430,1.6,0,,2023/8/11 0:00
445,25.8,0.97,430,1.3,0,,2023/8/11 1:00
446,25.6,0.97,430,1.3,0,,2023/8/11 2:00
447,25.2,0.97,430,1.8,0,,2023/8/11 3:00
448,25.1,0.99,430,1.7,0,,2023/8/11 4:00
449,24.8,0.99,430,1.5,0,,2023/8/11 5:00
450,25.3,0.98,430,1.3,94.5,,2023/8/11 6:00
451,26.5,0.95,430,1.8,346.5,,2023/8/11 7:00
452,28,0.84,430,1.5,808.5,,2023/8/11 8:00
453,28.7,0.77,430,2.9,892.5,,2023/8/11 9:00
454,29.2,0.73,430,3,1086.8,,2023/8/11 10:00
455,30.2,0.66,430,2.8,1044.8,,2023/8/11 11:00
456,31.6,0.6,430,3.4,1449,,2023/8/11 12:00
457,32,0.58,430,3,1401.8,,2023/8/11 13:00
458,31.7,0.54,430,3.1,1438.5,,2023/8/11 14:00
459,31,0.6,430,3,1302,,2023/8/11 15:00
460,30.7,0.64,430,2.6,981.8,,2023/8/11 16:00
461,29.2,0.67,430,3.8,593.3,,2023/8/11 17:00
462,28.3,0.74,430,3.3,246.8,,2023/8/11 18:00
463,27.4,0.8,430,1.7,31.5,,2023/8/11 19:00
464,27,0.82,430,1.9,0,,2023/8/11 20:00
465,26.4,0.87,430,1.8,0,,2023/8/11 21:00
466,26.1,0.87,430,1.4,0,,2023/8/11 22:00
467,25.8,0.88,430,1.4,0,,2023/8/11 23:00
468,24.7,0.94,430,1.2,0,,2023/8/12 0:00
469,25.3,0.87,430,1.6,0,,2023/8/12 1:00
470,24.7,0.89,430,0.9,0,,2023/8/12 2:00
471,24.6,0.94,430,1.3,0,,2023/8/12 3:00
472,24.8,0.91,430,1.5,0,,2023/8/12 4:00
473,24.4,0.94,430,1.2,0,,2023/8/12 5:00
474,26,0.88,430,1.9,141.8,,2023/8/12 6:00
475,27.8,0.79,430,0.4,351.8,,2023/8/12 7:00
476,28.3,0.71,430,1,724.5,,2023/8/12 8:00
477,29.4,0.68,430,0.8,798,,2023/8/12 9:00
478,29.7,0.66,430,1.1,630,,2023/8/12 10:00
479,31.7,0.62,430,1.7,1123.5,,2023/8/12 11:00
480,32,0.59,430,1,1438.5,,2023/8/12 12:00
481,31.9,0.59,430,1.7,1375.5,,2023/8/12 13:00
482,32.7,0.57,430,3.3,1538.3,,2023/8/12 14:00
483,31.6,0.62,430,3.4,1176,,2023/8/12 15:00
484,31.4,0.64,430,3.1,987,,2023/8/12 16:00
485,30.7,0.66,430,3.2,630,,2023/8/12 17:00
486,29.7,0.69,430,2.7,273,,2023/8/12 18:00
487,28.8,0.74,430,2.6,26.3,,2023/8/12 19:00
488,27.7,0.83,430,2.3,0,,2023/8/12 20:00
489,26.4,0.88,430,1.6,0,,2023/8/12 21:00
490,26.1,0.9,430,1.8,0,,2023/8/12 22:00
491,25.7,0.93,430,1.8,0,,2023/8/12 23:00
492,25.7,0.94,430,1.8,0,,2023/8/13 0:00
493,25.5,0.95,430,1.4,0,,2023/8/13 1:00
494,25.7,0.94,430,1.5,0,,2023/8/13 2:00
495,25.5,0.95,430,1.7,0,,2023/8/13 3:00
496,25.7,0.93,430,1.5,0,,2023/8/13 4:00
497,25.6,0.97,430,1.8,5.3,,2023/8/13 5:00
498,25.6,0.98,430,2,63,,2023/8/13 6:00
499,27,0.94,430,1.8,414.8,,2023/8/13 7:00
500,27.8,0.9,430,2,740.3,,2023/8/13 8:00
501,28.9,0.84,430,2.3,987,,2023/8/13 9:00
502,29.4,0.81,430,2.2,761.3,,2023/8/13 10:00
503,27.7,0.9,430,2.8,273,,2023/8/13 11:00
504,30.7,0.77,430,3.2,1428,,2023/8/13 12:00
505,28,0.93,430,2.1,840,,2023/8/13 13:00
506,29.2,0.87,430,1.6,477.8,,2023/8/13 14:00
507,29,0.84,430,2.1,488.3,,2023/8/13 15:00
508,29.4,0.82,430,1.4,215.3,,2023/8/13 16:00
509,28.9,0.84,430,2.5,189,,2023/8/13 17:00
510,27.7,0.93,430,1.7,73.5,,2023/8/13 18:00
511,27.5,0.93,430,1.9,5.3,,2023/8/13 19:00
512,27,0.94,430,2.3,0,,2023/8/13 20:00
513,26.5,0.97,430,1,0,,2023/8/13 21:00
514,26.2,0.97,430,1.5,0,,2023/8/13 22:00
515,26.2,0.97,430,1.4,0,,2023/8/13 23:00
516,25.9,0.98,430,1.7,0,,2023/8/14 0:00
517,25.9,0.98,430,1.2,0,,2023/8/14 1:00
518,26,0.98,430,2.1,0,,2023/8/14 2:00
519,25.8,0.99,430,1.6,0,,2023/8/14 3:00
520,26,0.98,430,1.1,0,,2023/8/14 4:00
521,26,0.98,430,1.8,0,,2023/8/14 5:00
522,26.4,0.98,430,2.3,94.5,,2023/8/14 6:00
523,27.1,0.95,430,2,210,,2023/8/14 7:00
524,29,0.91,430,2,630,,2023/8/14 8:00
525,29.9,0.8,430,2.2,1139.3,,2023/8/14 9:00
526,30.8,0.74,430,2.7,1333.5,,2023/8/14 10:00
527,30.7,0.73,430,3.6,1407,,2023/8/14 11:00
528,29.5,0.81,430,3.2,950.3,,2023/8/14 12:00
529,29.5,0.87,430,2.4,903,,2023/8/14 13:00
530,26.5,0.95,430,2.7,703.5,,2023/8/14 14:00
531,28.4,0.86,430,1.7,939.8,,2023/8/14 15:00
532,28.6,0.88,430,2.3,525,,2023/8/14 16:00
533,28.7,0.89,430,2.4,535.5,,2023/8/14 17:00
534,28.5,0.88,430,1.7,178.5,,2023/8/14 18:00
535,28,0.88,430,1.6,15.8,,2023/8/14 19:00
536,27.5,0.91,430,1.8,0,,2023/8/14 20:00
537,27.2,0.92,430,1.8,0,,2023/8/14 21:00
538,27,0.94,430,1.9,0,,2023/8/14 22:00
539,27.3,0.92,430,2.3,0,,2023/8/14 23:00
540,27.2,0.93,430,2.5,0,,2023/8/15 0:00
541,26.9,0.93,430,2.3,0,,2023/8/15 1:00
542,26.9,0.94,430,1.9,0,,2023/8/15 2:00
543,26.8,0.93,430,2,0,,2023/8/15 3:00
544,27,0.92,430,2.2,0,,2023/8/15 4:00
545,25.3,0.98,430,1.6,0,,2023/8/15 5:00
546,25.6,0.97,430,1.3,31.5,,2023/8/15 6:00
547,26.1,0.97,430,1.7,115.5,,2023/8/15 7:00
548,28.6,0.91,430,2.9,603.8,,2023/8/15 8:00
549,29.8,0.82,430,3.3,924,,2023/8/15 9:00
550,26.4,0.94,430,2.9,446.3,,2023/8/15 10:00
551,29.8,0.82,430,3.3,1170.8,,2023/8/15 11:00
552,31.1,0.74,430,3.1,1170.8,,2023/8/15 12:00
553,30.8,0.82,430,2.7,1212.8,,2023/8/15 13:00
554,31.2,0.74,430,3.8,913.5,,2023/8/15 14:00
555,31.7,0.67,430,3.8,981.8,,2023/8/15 15:00
556,30.9,0.72,430,4,414.8,,2023/8/15 16:00
557,30.6,0.68,430,4.6,378,,2023/8/15 17:00
558,29.5,0.79,430,2.8,199.5,,2023/8/15 18:00
559,28.2,0.86,430,2.9,10.5,,2023/8/15 19:00
560,27.8,0.88,430,2.9,0,,2023/8/15 20:00
561,27.8,0.88,430,3.7,0,,2023/8/15 21:00
562,25.3,0.97,430,1.7,0,,2023/8/15 22:00
563,26.6,0.96,430,2.3,0,,2023/8/15 23:00
564,26.2,0.94,430,2.8,0,,2023/8/16 0:00
565,26.2,0.95,430,2.4,0,,2023/8/16 1:00
566,26,0.97,430,1.9,0,,2023/8/16 2:00
567,25.9,0.98,430,1.7,0,,2023/8/16 3:00
568,26,0.97,430,2.6,0,,2023/8/16 4:00
569,26.2,0.94,430,2.7,0,,2023/8/16 5:00
570,26.3,0.94,430,1.6,84,,2023/8/16 6:00
571,27.7,0.87,430,2.7,409.5,,2023/8/16 7:00
572,28.6,0.79,430,4.3,735,,2023/8/16 8:00
573,30.2,0.65,430,5,1086.8,,2023/8/16 9:00
574,31.5,0.63,430,4.5,1401.8,,2023/8/16 10:00
575,32.2,0.57,430,4.2,1328.3,,2023/8/16 11:00
576,32.7,0.58,430,4.2,1496.3,,2023/8/16 12:00
577,33.1,0.57,430,4.6,1475.3,,2023/8/16 13:00
578,32.8,0.56,430,4.8,1359.8,,2023/8/16 14:00
579,31.7,0.6,430,5.3,1223.3,,2023/8/16 15:00
580,31.7,0.65,430,5,871.5,,2023/8/16 16:00
581,30.6,0.66,430,5,556.5,,2023/8/16 17:00
582,29.6,0.71,430,4.1,241.5,,2023/8/16 18:00
583,28.8,0.79,430,2.4,21,,2023/8/16 19:00
584,28.3,0.79,430,3.2,0,,2023/8/16 20:00
585,27.7,0.84,430,3.3,0,,2023/8/16 21:00
586,27.3,0.86,430,2.2,0,,2023/8/16 22:00
587,26.9,0.89,430,1.8,0,,2023/8/16 23:00
588,26.9,0.9,430,1.1,0,,2023/8/17 0:00
589,26.8,0.9,430,1.4,0,,2023/8/17 1:00
590,26.5,0.93,430,0.8,0,,2023/8/17 2:00
591,26.7,0.9,430,1.2,0,,2023/8/17 3:00
592,26.6,0.92,430,1.5,0,,2023/8/17 4:00
593,26.1,0.93,430,1.7,0,,2023/8/17 5:00
594,26.4,0.93,430,1.5,78.8,,2023/8/17 6:00
595,27.7,0.88,430,2.2,304.5,,2023/8/17 7:00
596,29.6,0.81,430,1.5,724.5,,2023/8/17 8:00
597,31.2,0.72,430,2.1,792.8,,2023/8/17 9:00
598,31,0.75,430,1.5,929.3,,2023/8/17 10:00
599,32.9,0.68,430,2,1139.3,,2023/8/17 11:00
600,32.6,0.66,430,2.1,1202.3,,2023/8/17 12:00
601,34.3,0.61,430,2.9,1459.5,,2023/8/17 13:00
602,34.4,0.6,430,3.4,1543.5,,2023/8/17 14:00
603,34.1,0.6,430,3.4,1254.8,,2023/8/17 15:00
604,33.1,0.61,430,4.5,950.3,,2023/8/17 16:00
605,31.7,0.65,430,4.5,598.5,,2023/8/17 17:00
606,30.3,0.71,430,4.6,183.8,,2023/8/17 18:00
607,29.4,0.75,430,3.7,5.3,,2023/8/17 19:00
608,28.8,0.77,430,2.2,0,,2023/8/17 20:00
609,28.3,0.8,430,3.1,0,,2023/8/17 21:00
610,27.9,0.83,430,2.1,0,,2023/8/17 22:00
611,27.6,0.85,430,2.2,0,,2023/8/17 23:00
612,26.4,0.91,430,1.4,0,,2023/8/18 0:00
613,26.4,0.89,430,2,0,,2023/8/18 1:00
614,25.5,0.94,430,1.1,0,,2023/8/18 2:00
615,25.2,0.96,430,1.7,0,,2023/8/18 3:00
616,25.3,0.97,430,1.1,0,,2023/8/18 4:00
617,25.5,0.97,430,1.5,0,,2023/8/18 5:00
618,26.4,0.93,430,1.4,94.5,,2023/8/18 6:00
619,27.8,0.88,430,1.9,341.3,,2023/8/18 7:00
620,28.9,0.85,430,1.9,404.3,,2023/8/18 8:00
621,29.9,0.83,430,0.7,509.3,,2023/8/18 9:00
622,31.7,0.69,430,2.2,1160.3,,2023/8/18 10:00
623,31.8,0.69,430,1.1,1113,,2023/8/18 11:00
624,32.9,0.65,430,1.4,1249.5,,2023/8/18 12:00
625,34.5,0.56,430,2.7,1653.8,,2023/8/18 13:00
626,34.7,0.52,430,2.1,1491,,2023/8/18 14:00
627,34.4,0.5,430,2.5,1239,,2023/8/18 15:00
628,34.5,0.5,430,2.2,945,,2023/8/18 16:00
629,32.6,0.62,430,3.7,593.3,,2023/8/18 17:00
630,31,0.66,430,3.3,215.3,,2023/8/18 18:00
631,29.8,0.69,430,2.7,10.5,,2023/8/18 19:00
632,28.8,0.74,430,1.9,0,,2023/8/18 20:00
633,28.4,0.83,430,1.6,0,,2023/8/18 21:00
634,27.6,0.85,430,2.1,0,,2023/8/18 22:00
635,27.2,0.88,430,1.9,0,,2023/8/18 23:00
636,26.5,0.9,430,2.4,0,,2023/8/19 0:00
637,25.4,0.96,430,1.2,0,,2023/8/19 1:00
638,25.6,0.97,430,1.2,0,,2023/8/19 2:00
639,25,0.98,430,1.2,0,,2023/8/19 3:00
640,24.9,0.99,430,0.7,0,,2023/8/19 4:00
641,25.5,0.98,430,1.2,0,,2023/8/19 5:00
642,26.3,0.95,430,1.1,52.5,,2023/8/19 6:00
643,27.3,0.9,430,1.5,257.3,,2023/8/19 7:00
644,28.9,0.84,430,1.2,572.3,,2023/8/19 8:00
645,29.7,0.78,430,1.1,787.5,,2023/8/19 9:00
646,31.4,0.7,430,1.3,1160.3,,2023/8/19 10:00
647,32.4,0.65,430,1.5,1543.5,,2023/8/19 11:00
648,32.4,0.67,430,1.4,1464.8,,2023/8/19 12:00
649,33.4,0.6,430,2.2,1417.5,,2023/8/19 13:00
650,34.1,0.58,430,2.4,1370.3,,2023/8/19 14:00
651,33.5,0.61,430,2.9,1081.5,,2023/8/19 15:00
652,32.6,0.6,430,2.1,787.5,,2023/8/19 16:00
653,31.8,0.61,430,2.9,441,,2023/8/19 17:00
654,30.2,0.63,430,3.1,68.3,,2023/8/19 18:00
655,29,0.7,430,2.5,5.3,,2023/8/19 19:00
656,28.4,0.73,430,2.4,0,,2023/8/19 20:00
657,28,0.76,430,2,0,,2023/8/19 21:00
658,27.5,0.8,430,1.6,0,,2023/8/19 22:00
659,27,0.84,430,1.4,0,,2023/8/19 23:00
660,25.9,0.9,430,1,0,,2023/8/20 0:00
661,26.3,0.89,430,1.4,0,,2023/8/20 1:00
662,25,0.96,430,0.7,0,,2023/8/20 2:00
663,25.3,0.95,430,1.5,0,,2023/8/20 3:00
664,24.9,0.97,430,1.1,0,,2023/8/20 4:00
665,24.6,0.98,430,1.6,0,,2023/8/20 5:00
666,26.4,0.9,430,1.3,78.8,,2023/8/20 6:00
667,28.3,0.84,430,1,367.5,,2023/8/20 7:00
668,29.2,0.79,430,1.2,703.5,,2023/8/20 8:00
669,30.6,0.72,430,1.4,1113,,2023/8/20 9:00
670,31.6,0.67,430,1.3,1029,,2023/8/20 10:00
671,32.2,0.61,430,1.7,1601.3,,2023/8/20 11:00
672,32.7,0.6,430,1.4,1606.5,,2023/8/20 12:00
673,33.7,0.56,430,2.5,1606.5,,2023/8/20 13:00
674,33.9,0.52,430,2.4,1470,,2023/8/20 14:00
675,33.3,0.57,430,2.9,1149.8,,2023/8/20 15:00
676,32.7,0.59,430,3.4,834.8,,2023/8/20 16:00
677,31.9,0.62,430,2.9,551.3,,2023/8/20 17:00
678,30.5,0.65,430,2.7,183.8,,2023/8/20 18:00
679,29.5,0.72,430,2.5,5.3,,2023/8/20 19:00
680,28.7,0.79,430,0.9,0,,2023/8/20 20:00
681,27.9,0.81,430,1.5,0,,2023/8/20 21:00
682,27.3,0.83,430,1.5,0,,2023/8/20 22:00
683,26.8,0.86,430,1.9,0,,2023/8/20 23:00
684,25.5,0.96,430,0.5,0,,2023/8/21 0:00
685,25.2,0.97,430,1.4,0,,2023/8/21 1:00
686,24.9,0.98,430,0.3,0,,2023/8/21 2:00
687,24.8,0.98,430,1.6,0,,2023/8/21 3:00
688,24.6,0.98,430,1,0,,2023/8/21 4:00
689,24.6,0.99,430,1.2,0,,2023/8/21 5:00
690,26,0.96,430,1.3,94.5,,2023/8/21 6:00
691,28,0.85,430,1.5,430.5,,2023/8/21 7:00
692,29.4,0.77,430,1.2,771.8,,2023/8/21 8:00
693,30.9,0.67,430,1.2,913.5,,2023/8/21 9:00
694,31.7,0.61,430,2.6,1580.3,,2023/8/21 10:00
695,32.3,0.6,430,2.4,1622.3,,2023/8/21 11:00
696,32.8,0.55,430,2.5,1375.5,,2023/8/21 12:00
697,32.1,0.58,430,2.9,1218,,2023/8/21 13:00
698,32.7,0.6,430,2.6,1155,,2023/8/21 14:00
699,32.3,0.65,430,3.4,1249.5,,2023/8/21 15:00
700,31.5,0.67,430,3.5,945,,2023/8/21 16:00
701,30.6,0.72,430,2.5,551.3,,2023/8/21 17:00
702,29.7,0.77,430,2.5,157.5,,2023/8/21 18:00
703,29.2,0.81,430,2.3,5.3,,2023/8/21 19:00
704,28.8,0.84,430,2.5,0,,2023/8/21 20:00
705,28.2,0.84,430,1.9,0,,2023/8/21 21:00
706,27.8,0.87,430,1.5,0,,2023/8/21 22:00
707,27.6,0.87,430,1.1,0,,2023/8/21 23:00
708,27.2,0.9,430,1.4,0,,2023/8/22 0:00
709,26.9,0.94,430,1.5,0,,2023/8/22 1:00
710,27,0.93,430,1.5,0,,2023/8/22 2:00
711,26.8,0.94,430,1.3,0,,2023/8/22 3:00
712,26.7,0.95,430,1.6,0,,2023/8/22 4:00
713,26.6,0.96,430,1.5,0,,2023/8/22 5:00
714,26.7,0.94,430,1.3,52.5,,2023/8/22 6:00
715,28.1,0.9,430,1.6,357,,2023/8/22 7:00
716,28.6,0.86,430,0.5,614.3,,2023/8/22 8:00
717,30.6,0.69,430,1.8,855.8,,2023/8/22 9:00
718,31.7,0.65,430,2.3,1485.8,,2023/8/22 10:00
719,27.9,0.85,430,3.3,918.8,,2023/8/22 11:00
720,30.8,0.8,430,2.2,1044.8,,2023/8/22 12:00
721,31.3,0.77,430,1.4,1034.3,,2023/8/22 13:00
722,31.6,0.74,430,1.6,918.8,,2023/8/22 14:00
723,31.7,0.64,430,3.2,672,,2023/8/22 15:00
724,32.4,0.66,430,3.1,614.3,,2023/8/22 16:00
725,30.9,0.7,430,3.4,456.8,,2023/8/22 17:00
726,29.5,0.78,430,3,162.8,,2023/8/22 18:00
727,28.5,0.83,430,2.8,10.5,,2023/8/22 19:00
728,27.9,0.87,430,2.5,0,,2023/8/22 20:00
729,27.7,0.9,430,2,0,,2023/8/22 21:00
730,27.8,0.9,430,2,0,,2023/8/22 22:00
731,27.4,0.92,430,1.8,0,,2023/8/22 23:00
732,26.9,0.95,430,1.9,0,,2023/8/23 0:00
733,26.8,0.96,430,1.5,0,,2023/8/23 1:00
734,26.6,0.96,430,1.4,0,,2023/8/23 2:00
735,26.6,0.96,430,1.1,0,,2023/8/23 3:00
736,26.3,0.96,430,1.1,0,,2023/8/23 4:00
737,26.3,0.96,430,1.6,0,,2023/8/23 5:00
738,26.7,0.95,430,1.3,63,,2023/8/23 6:00
739,27.7,0.9,430,2.7,351.8,,2023/8/23 7:00
740,28.2,0.89,430,2.7,493.5,,2023/8/23 8:00
741,29.5,0.85,430,4,682.5,,2023/8/23 9:00
742,30.8,0.74,430,3.6,955.5,,2023/8/23 10:00
743,29.1,0.9,430,3.4,892.5,,2023/8/23 11:00
744,31.6,0.71,430,3.4,1848,,2023/8/23 12:00
745,31.6,0.74,430,4.5,1580.3,,2023/8/23 13:00
746,27.9,0.87,430,5.1,939.8,,2023/8/23 14:00
747,27.6,0.93,430,1.5,215.3,,2023/8/23 15:00
748,28.6,0.87,430,1.9,383.3,,2023/8/23 16:00
749,29.6,0.84,430,2.6,441,,2023/8/23 17:00
750,27.4,0.93,430,1.3,120.8,,2023/8/23 18:00
751,27.6,0.92,430,2.1,5.3,,2023/8/23 19:00
752,27.7,0.86,430,2.5,0,,2023/8/23 20:00
753,27.1,0.88,430,2.2,0,,2023/8/23 21:00
754,26.8,0.91,430,2.5,0,,2023/8/23 22:00
755,26.4,0.93,430,2.1,0,,2023/8/23 23:00
756,26.3,0.94,430,1.9,0,,2023/8/24 0:00
757,26,0.96,430,1.8,0,,2023/8/24 1:00
758,26.1,0.96,430,1.7,0,,2023/8/24 2:00
759,26.1,0.96,430,1.9,0,,2023/8/24 3:00
760,25.9,0.97,430,1.8,0,,2023/8/24 4:00
761,25.5,0.97,430,1.3,0,,2023/8/24 5:00
762,26.1,0.95,430,2.1,84,,2023/8/24 6:00
763,27.8,0.87,430,2.6,399,,2023/8/24 7:00
764,28.8,0.8,430,3.5,740.3,,2023/8/24 8:00
765,30.1,0.77,430,3,840,,2023/8/24 9:00
766,30.7,0.69,430,4.1,1113,,2023/8/24 10:00
767,32.7,0.62,430,4,1611.8,,2023/8/24 11:00
768,33.1,0.6,430,4.4,1470,,2023/8/24 12:00
769,33.5,0.57,430,3.8,1632.8,,2023/8/24 13:00
770,33.6,0.56,430,5.1,1496.3,,2023/8/24 14:00
771,33.6,0.53,430,4.6,1249.5,,2023/8/24 15:00
772,33,0.55,430,4.1,929.3,,2023/8/24 16:00
773,31.7,0.58,430,4.1,561.8,,2023/8/24 17:00
774,30.3,0.63,430,3.6,189,,2023/8/24 18:00
775,29.4,0.67,430,2.6,5.3,,2023/8/24 19:00
776,28.3,0.75,430,2,0,,2023/8/24 20:00
777,27.6,0.8,430,1.7,0,,2023/8/24 21:00
778,26.5,0.87,430,1.4,0,,2023/8/24 22:00
779,25.7,0.91,430,1.4,0,,2023/8/24 23:00
780,25.9,0.91,430,1.7,0,,2023/8/25 0:00
781,25.5,0.94,430,1.5,0,,2023/8/25 1:00
782,25.5,0.95,430,1.5,0,,2023/8/25 2:00
783,25.2,0.95,430,1.6,0,,2023/8/25 3:00
784,25,0.97,430,1.9,0,,2023/8/25 4:00
785,24.8,0.97,430,1.7,0,,2023/8/25 5:00
786,25.5,0.96,430,1.4,78.8,,2023/8/25 6:00
787,27.6,0.87,430,1.9,399,,2023/8/25 7:00
788,29.2,0.77,430,2.6,771.8,,2023/8/25 8:00
789,30.6,0.67,430,3.1,1097.3,,2023/8/25 9:00
790,32.2,0.62,430,3.3,1501.5,,2023/8/25 10:00
791,32.6,0.6,430,3,1533,,2023/8/25 11:00
792,33.5,0.55,430,3.6,1716.8,,2023/8/25 12:00
793,33.6,0.5,430,3.4,1648.5,,2023/8/25 13:00
794,34.5,0.54,430,2.5,1464.8,,2023/8/25 14:00
795,34.1,0.52,430,2.7,1286.3,,2023/8/25 15:00
796,33.8,0.57,430,3.1,1055.3,,2023/8/25 16:00
797,32.1,0.63,430,3.5,582.8,,2023/8/25 17:00
798,30.2,0.71,430,3.9,194.3,,2023/8/25 18:00
799,28.7,0.74,430,2.5,5.3,,2023/8/25 19:00
800,27.9,0.8,430,2.9,0,,2023/8/25 20:00
801,27.4,0.83,430,2.3,0,,2023/8/25 21:00
802,26.9,0.86,430,2,0,,2023/8/25 22:00
803,26.7,0.87,430,1.8,0,,2023/8/25 23:00
804,26.1,0.9,430,1.8,0,,2023/8/26 0:00
805,26,0.92,430,1.8,0,,2023/8/26 1:00
806,24.9,0.96,430,1,0,,2023/8/26 2:00
807,24.3,0.98,430,1.1,0,,2023/8/26 3:00
808,24.1,0.99,430,1.6,0,,2023/8/26 4:00
809,24.2,0.99,430,1,0,,2023/8/26 5:00
810,25.1,0.98,430,1.1,78.8,,2023/8/26 6:00
811,27.8,0.85,430,1.1,393.8,,2023/8/26 7:00
812,29.1,0.74,430,0.6,766.5,,2023/8/26 8:00
813,30.4,0.66,430,1.3,1118.3,,2023/8/26 9:00
814,31.7,0.58,430,1.8,1449,,2023/8/26 10:00
815,32.4,0.53,430,2.1,1659,,2023/8/26 11:00
816,32.2,0.57,430,2.7,1690.5,,2023/8/26 12:00
817,33.1,0.6,430,2.7,1580.3,,2023/8/26 13:00
818,32.4,0.62,430,3.7,1506.8,,2023/8/26 14:00
819,31.7,0.6,430,3.7,1260,,2023/8/26 15:00
820,30.8,0.64,430,4.2,771.8,,2023/8/26 16:00
821,30,0.71,430,3.8,546,,2023/8/26 17:00
822,28.9,0.78,430,2.8,152.3,,2023/8/26 18:00
823,28.2,0.72,430,2.3,0,,2023/8/26 19:00
824,27.5,0.76,430,2.5,0,,2023/8/26 20:00
825,24.9,0.91,430,0.9,0,,2023/8/26 21:00
826,24.5,0.94,430,1,0,,2023/8/26 22:00
827,25.2,0.92,430,1.8,0,,2023/8/26 23:00
828,25.1,0.92,430,1.3,0,,2023/8/27 0:00
829,24.8,0.94,430,1.7,0,,2023/8/27 1:00
830,25.3,0.91,430,1.6,0,,2023/8/27 2:00
831,23.8,0.95,430,3,0,,2023/8/27 3:00
832,23.7,0.98,430,1,0,,2023/8/27 4:00
833,23.8,0.99,430,1.8,0,,2023/8/27 5:00
834,23.9,0.99,430,1.4,36.8,,2023/8/27 6:00
835,25.9,0.91,430,1.8,351.8,,2023/8/27 7:00
836,27.2,0.87,430,1.9,703.5,,2023/8/27 8:00
837,28.2,0.81,430,2.5,945,,2023/8/27 9:00
838,29,0.74,430,2.8,1223.3,,2023/8/27 10:00
839,29.9,0.69,430,3.3,924,,2023/8/27 11:00
840,28.4,0.73,430,2.4,1050,,2023/8/27 12:00
841,28.1,0.78,430,1.8,551.3,,2023/8/27 13:00
842,30.1,0.66,430,3.1,824.3,,2023/8/27 14:00
843,29,0.67,430,3.3,840,,2023/8/27 15:00
844,29.4,0.68,430,3.1,903,,2023/8/27 16:00
845,27.7,0.76,430,3.1,451.5,,2023/8/27 17:00
846,26.9,0.79,430,2.3,115.5,,2023/8/27 18:00
847,26.5,0.82,430,2.6,0,,2023/8/27 19:00
848,25.7,0.86,430,2.1,0,,2023/8/27 20:00
849,25.5,0.87,430,1.4,0,,2023/8/27 21:00
850,25.5,0.86,430,1.8,0,,2023/8/27 22:00
851,24.7,0.9,430,1.4,0,,2023/8/27 23:00
852,24.2,0.93,430,1.3,0,,2023/8/28 0:00
853,24.8,0.89,430,1.4,0,,2023/8/28 1:00
854,24.5,0.91,430,1.8,0,,2023/8/28 2:00
855,24.7,0.91,430,1.9,0,,2023/8/28 3:00
856,24,0.93,430,1.5,0,,2023/8/28 4:00
857,24.4,0.92,430,1.3,0,,2023/8/28 5:00
858,25.2,0.91,430,1.4,52.5,,2023/8/28 6:00
859,27.4,0.81,430,1.5,336,,2023/8/28 7:00
860,28.9,0.73,430,2.6,666.8,,2023/8/28 8:00
861,29.9,0.68,430,2.1,829.5,,2023/8/28 9:00
862,30.6,0.69,430,2.2,834.8,,2023/8/28 10:00
863,30.8,0.67,430,3.7,824.3,,2023/8/28 11:00
864,33,0.66,430,2.2,1249.5,,2023/8/28 12:00
865,33.3,0.56,430,2.1,1428,,2023/8/28 13:00
866,33.4,0.55,430,2,1123.5,,2023/8/28 14:00
867,33.2,0.57,430,3.5,850.5,,2023/8/28 15:00
868,32.4,0.58,430,3.9,693,,2023/8/28 16:00
869,30.6,0.68,430,4,183.8,,2023/8/28 17:00
870,29.7,0.71,430,2.9,57.8,,2023/8/28 18:00
871,28.9,0.76,430,2.8,5.3,,2023/8/28 19:00
872,28.2,0.79,430,2.4,0,,2023/8/28 20:00
873,27.8,0.82,430,2.4,0,,2023/8/28 21:00
874,26.8,0.88,430,1.6,0,,2023/8/28 22:00
875,25.6,0.94,430,1.3,0,,2023/8/28 23:00
876,26.4,0.86,430,1.5,0,,2023/8/29 0:00
877,25.6,0.88,430,1.5,0,,2023/8/29 1:00
878,25.3,0.89,430,1.4,0,,2023/8/29 2:00
879,24.3,0.95,430,1.2,0,,2023/8/29 3:00
880,24.9,0.92,430,1.6,0,,2023/8/29 4:00
881,24.2,0.96,430,1.1,0,,2023/8/29 5:00
882,24.6,0.96,430,1,63,,2023/8/29 6:00
883,27.1,0.84,430,0.7,351.8,,2023/8/29 7:00
884,28.6,0.79,430,0.6,719.3,,2023/8/29 8:00
885,29,0.76,430,1,745.5,,2023/8/29 9:00
886,30,0.74,430,1.5,682.5,,2023/8/29 10:00
887,31.3,0.7,430,1.7,1254.8,,2023/8/29 11:00
888,33.4,0.61,430,2.5,1228.5,,2023/8/29 12:00
889,34.2,0.58,430,3.2,1485.8,,2023/8/29 13:00
890,34.9,0.55,430,3.1,1380.8,,2023/8/29 14:00
891,34.1,0.51,430,4.1,1207.5,,2023/8/29 15:00
892,33.6,0.47,430,2.8,887.3,,2023/8/29 16:00
893,32.3,0.49,430,2.6,519.8,,2023/8/29 17:00
894,30.5,0.57,430,2.3,162.8,,2023/8/29 18:00
895,29.2,0.62,430,2.6,5.3,,2023/8/29 19:00
896,28.4,0.78,430,2.5,0,,2023/8/29 20:00
897,27.4,0.75,430,2.6,0,,2023/8/29 21:00
898,25.6,0.85,430,1.5,0,,2023/8/29 22:00
899,25.3,0.86,430,2,0,,2023/8/29 23:00
900,25.5,0.86,430,2,0,,2023/8/30 0:00
901,24.9,0.89,430,1.5,0,,2023/8/30 1:00
902,23.4,0.97,430,1.2,0,,2023/8/30 2:00
903,24.1,0.93,430,1.6,0,,2023/8/30 3:00
904,24.4,0.93,430,1.6,0,,2023/8/30 4:00
905,23.5,0.95,430,1,0,,2023/8/30 5:00
906,24.2,0.97,430,1.1,68.3,,2023/8/30 6:00
907,26.6,0.87,430,1.8,362.3,,2023/8/30 7:00
908,28.9,0.79,430,1.7,761.3,,2023/8/30 8:00
909,30,0.74,430,1.7,845.3,,2023/8/30 9:00
910,32.1,0.62,430,2.3,1475.3,,2023/8/30 10:00
911,32,0.62,430,1.5,1470,,2023/8/30 11:00
912,32.9,0.62,430,2.8,903,,2023/8/30 12:00
913,34.1,0.57,430,2.9,1485.8,,2023/8/30 13:00
914,34.5,0.52,430,4.1,1365,,2023/8/30 14:00
915,33.5,0.56,430,3.8,1013.3,,2023/8/30 15:00
916,32.2,0.63,430,4.5,666.8,,2023/8/30 16:00
917,31.5,0.64,430,4.6,435.8,,2023/8/30 17:00
918,30.1,0.68,430,2.8,162.8,,2023/8/30 18:00
919,29.2,0.73,430,2.4,0,,2023/8/30 19:00
920,28.4,0.76,430,2.7,0,,2023/8/30 20:00
921,27.9,0.82,430,1.7,0,,2023/8/30 21:00
922,26.8,0.85,430,1.8,0,,2023/8/30 22:00
923,26.2,0.89,430,2,0,,2023/8/30 23:00
924,25.9,0.9,430,2.4,0,,2023/8/31 0:00
925,25.6,0.91,430,1.9,0,,2023/8/31 1:00
926,25.3,0.93,430,2.1,0,,2023/8/31 2:00
927,25.4,0.92,430,2.1,0,,2023/8/31 3:00
928,25.1,0.93,430,2,0,,2023/8/31 4:00
929,24.6,0.96,430,1.9,0,,2023/8/31 5:00
930,24.6,0.96,430,1.7,26.3,,2023/8/31 6:00
931,26.9,0.85,430,2.9,309.8,,2023/8/31 7:00
932,29.1,0.77,430,3,761.3,,2023/8/31 8:00
933,30.5,0.66,430,3.5,1118.3,,2023/8/31 9:00
934,31.6,0.59,430,4.4,1422.8,,2023/8/31 10:00
935,32.7,0.5,430,3.7,1548.8,,2023/8/31 11:00
936,33,0.46,430,3.3,1648.5,,2023/8/31 12:00
937,33.6,0.4,430,4.1,1674.8,,2023/8/31 13:00
938,34.1,0.39,430,4.6,1522.5,,2023/8/31 14:00
939,33.4,0.45,430,4,1092,,2023/8/31 15:00
940,32.1,0.48,430,3.2,756,,2023/8/31 16:00
941,30.5,0.56,430,3,194.3,,2023/8/31 17:00
942,29.3,0.63,430,2.6,89.3,,2023/8/31 18:00
943,28.6,0.68,430,2.4,0,,2023/8/31 19:00
944,27.4,0.76,430,2.2,0,,2023/8/31 20:00
945,26.7,0.81,430,2.5,0,,2023/8/31 21:00
946,26,0.86,430,2.1,0,,2023/8/31 22:00
947,25.5,0.89,430,2.1,0,,2023/8/31 23:00
948,25.1,0.92,430,2.2,0,,2023/9/1 0:00
949,24.7,0.93,430,1.8,0,,2023/9/1 1:00
950,24.8,0.93,430,2.2,0,,2023/9/1 2:00
951,24.3,0.94,430,1.8,0,,2023/9/1 3:00
952,23.8,0.97,430,1.3,0,,2023/9/1 4:00
953,23.9,0.96,430,1.9,0,,2023/9/1 5:00
954,24.2,0.96,430,1.6,57.8,,2023/9/1 6:00
955,26.6,0.88,430,1.8,362.3,,2023/9/1 7:00
956,28.8,0.73,430,2,735,,2023/9/1 8:00
957,30.5,0.64,430,2.7,1060.5,,2023/9/1 9:00
958,31.9,0.6,430,2.9,1323,,2023/9/1 10:00
959,32.3,0.56,430,4.5,1533,,2023/9/1 11:00
960,33.2,0.49,430,4.8,1653.8,,2023/9/1 12:00
961,33.5,0.43,430,4.9,1606.5,,2023/9/1 13:00
962,34.2,0.45,430,3.7,1459.5,,2023/9/1 14:00
963,33.8,0.42,430,5.2,1207.5,,2023/9/1 15:00
964,33.3,0.4,430,4.1,871.5,,2023/9/1 16:00
965,31.9,0.47,430,3,504,,2023/9/1 17:00
966,30.4,0.51,430,3.3,147,,2023/9/1 18:00
967,28.7,0.58,430,2.1,0,,2023/9/1 19:00
968,27.8,0.8,430,2.2,0,,2023/9/1 20:00
969,27.4,0.81,430,2.7,0,,2023/9/1 21:00
970,26.9,0.85,430,3,0,,2023/9/1 22:00
971,26.4,0.89,430,1.7,0,,2023/9/1 23:00
972,25.8,0.92,430,1.9,0,,2023/9/2 0:00
973,25.2,0.94,430,1.4,0,,2023/9/2 1:00
974,25,0.96,430,1.5,0,,2023/9/2 2:00
975,25.2,0.94,430,1.6,0,,2023/9/2 3:00
976,25,0.95,430,1.3,0,,2023/9/2 4:00
977,24.2,0.99,430,1.7,0,,2023/9/2 5:00
978,24.6,0.97,430,0.7,68.3,,2023/9/2 6:00
979,27.2,0.87,430,1.9,346.5,,2023/9/2 7:00
980,28.9,0.79,430,2.3,624.8,,2023/9/2 8:00
981,30,0.71,430,2.1,913.5,,2023/9/2 9:00
982,31.5,0.64,430,1.7,908.3,,2023/9/2 10:00
983,32.2,0.59,430,2.8,1349.3,,2023/9/2 11:00
984,32.7,0.53,430,2.6,1407,,2023/9/2 12:00
985,33.5,0.52,430,2.2,1391.3,,2023/9/2 13:00
986,33.6,0.53,430,1.2,1197,,2023/9/2 14:00
987,33.3,0.57,430,2.6,1065.8,,2023/9/2 15:00
988,31.7,0.61,430,4,640.5,,2023/9/2 16:00
989,30,0.68,430,4.1,283.5,,2023/9/2 17:00
990,28.7,0.72,430,3.3,115.5,,2023/9/2 18:00
991,27.8,0.76,430,2.3,0,,2023/9/2 19:00
992,27.4,0.8,430,2,0,,2023/9/2 20:00
993,26.7,0.85,430,1.9,0,,2023/9/2 21:00
994,25.9,0.89,430,1.5,0,,2023/9/2 22:00
995,25.9,0.91,430,1.8,0,,2023/9/2 23:00
996,24.5,0.96,430,1.2,0,,2023/9/3 0:00
997,25,0.95,430,1.2,0,,2023/9/3 1:00
998,24.6,0.95,430,1.8,0,,2023/9/3 2:00
999,24.8,0.94,430,1.4,0,,2023/9/3 3:00
1000,24.6,0.96,430,1.7,0,,2023/9/3 4:00
1001,24.5,0.94,430,1.1,0,,2023/9/3 5:00
1002,24.4,0.96,430,1.1,31.5,,2023/9/3 6:00
1003,26.1,0.9,430,1.7,273,,2023/9/3 7:00
1004,27.8,0.83,430,2.3,609,,2023/9/3 8:00
1005,29,0.72,430,2.3,1034.3,,2023/9/3 9:00
1006,30.5,0.66,430,2.6,1212.8,,2023/9/3 10:00
1007,31.7,0.62,430,3.3,1333.5,,2023/9/3 11:00
1008,31.1,0.62,430,3.4,1244.3,,2023/9/3 12:00
1009,31.9,0.56,430,2.4,1627.5,,2023/9/3 13:00
1010,31.8,0.57,430,3,1349.3,,2023/9/3 14:00
1011,30.9,0.6,430,3.6,1039.5,,2023/9/3 15:00
1012,29.8,0.7,430,2.6,735,,2023/9/3 16:00
1013,28.6,0.77,430,2.4,430.5,,2023/9/3 17:00
1014,27.8,0.81,430,2.9,147,,2023/9/3 18:00
1015,27.3,0.84,430,2.5,0,,2023/9/3 19:00
1016,26.9,0.87,430,2.5,0,,2023/9/3 20:00
1017,26.7,0.88,430,2.1,0,,2023/9/3 21:00
1018,26.3,0.9,430,2.1,0,,2023/9/3 22:00
1019,26.1,0.9,430,2.3,0,,2023/9/3 23:00
1020,26,0.9,430,2.6,0,,2023/9/4 0:00
1021,25,0.97,430,2.4,0,,2023/9/4 1:00
1022,25,0.98,430,1.9,0,,2023/9/4 2:00
1023,24.7,0.97,430,2.5,0,,2023/9/4 3:00
1024,24.7,0.98,430,2.1,0,,2023/9/4 4:00
1025,25.1,0.98,430,2.5,0,,2023/9/4 5:00
1026,25.1,0.98,430,2.3,15.8,,2023/9/4 6:00
1027,25,0.98,430,3.1,63,,2023/9/4 7:00
1028,25.1,0.96,430,2.9,173.3,,2023/9/4 8:00
1029,25,0.96,430,3.4,183.8,,2023/9/4 9:00
1030,25.3,0.97,430,3.6,262.5,,2023/9/4 10:00
1031,26.1,0.96,430,4.6,735,,2023/9/4 11:00
1032,26.6,0.91,430,3.1,840,,2023/9/4 12:00
1033,27.4,0.86,430,3.4,572.3,,2023/9/4 13:00
1034,27.9,0.82,430,2.5,477.8,,2023/9/4 14:00
1035,27,0.85,430,2.6,456.8,,2023/9/4 15:00
1036,27.6,0.86,430,0.9,199.5,,2023/9/4 16:00
1037,27.3,0.89,430,2.2,110.3,,2023/9/4 17:00
1038,27.1,0.88,430,2.1,68.3,,2023/9/4 18:00
1039,27,0.92,430,1.9,0,,2023/9/4 19:00
1040,27,0.92,430,2.1,0,,2023/9/4 20:00
1041,26.7,0.94,430,1.7,0,,2023/9/4 21:00
1042,26.6,0.94,430,1.8,0,,2023/9/4 22:00
1043,26.5,0.94,430,1.7,0,,2023/9/4 23:00
1044,26.1,0.95,430,0.9,0,,2023/9/5 0:00
1045,25.9,0.96,430,1.2,0,,2023/9/5 1:00
1046,25.6,0.97,430,1.8,0,,2023/9/5 2:00
1047,25.6,0.96,430,1.4,0,,2023/9/5 3:00
1048,25.2,0.98,430,1.5,0,,2023/9/5 4:00
1049,25,0.98,430,0.8,0,,2023/9/5 5:00
1050,25.7,0.97,430,0.4,26.3,,2023/9/5 6:00
1051,26.4,0.93,430,0.8,199.5,,2023/9/5 7:00
1052,28.2,0.85,430,1.5,456.8,,2023/9/5 8:00
1053,29.6,0.82,430,1.9,724.5,,2023/9/5 9:00
1054,30.8,0.73,430,2.1,824.3,,2023/9/5 10:00
1055,32.5,0.65,430,3.2,1480.5,,2023/9/5 11:00
1056,33.2,0.66,430,4,1149.8,,2023/9/5 12:00
1057,33.4,0.66,430,4.4,1312.5,,2023/9/5 13:00
1058,32.8,0.64,430,4.3,1401.8,,2023/9/5 14:00
1059,33.1,0.64,430,3.5,1144.5,,2023/9/5 15:00
1060,31.9,0.66,430,4.2,813.8,,2023/9/5 16:00
1061,30.9,0.68,430,4.3,451.5,,2023/9/5 17:00
1062,29.8,0.73,430,3.8,110.3,,2023/9/5 18:00
1063,28.7,0.78,430,3.9,0,,2023/9/5 19:00
1064,28.1,0.82,430,3.1,0,,2023/9/5 20:00
1065,26.9,0.88,430,1.4,0,,2023/9/5 21:00
1066,27,0.86,430,2.1,0,,2023/9/5 22:00
1067,27.1,0.86,430,2.1,0,,2023/9/5 23:00
1068,25.9,0.88,430,2.6,0,,2023/9/6 0:00
1069,24.9,0.89,430,2.1,0,,2023/9/6 1:00
1070,24.6,0.91,430,1.7,0,,2023/9/6 2:00
1071,24.8,0.87,430,1,0,,2023/9/6 3:00
1072,24.2,0.93,430,1.5,0,,2023/9/6 4:00
1073,24.3,0.92,430,1.7,0,,2023/9/6 5:00
1074,24.2,0.95,430,1.1,26.3,,2023/9/6 6:00
1075,25.4,0.9,430,1.3,126,,2023/9/6 7:00
1076,26.1,0.86,430,1.9,178.5,,2023/9/6 8:00
1077,27.1,0.86,430,2.1,320.3,,2023/9/6 9:00
1078,27.4,0.84,430,1.6,351.8,,2023/9/6 10:00
1079,28.6,0.81,430,3,771.8,,2023/9/6 11:00
1080,29.2,0.77,430,3.5,903,,2023/9/6 12:00
1081,31.5,0.67,430,3.6,955.5,,2023/9/6 13:00
1082,31.1,0.55,430,4.9,1113,,2023/9/6 14:00
1083,28,0.72,430,2.9,246.8,,2023/9/6 15:00
1084,28.6,0.71,430,3.3,351.8,,2023/9/6 16:00
1085,26.5,0.79,430,4.5,84,,2023/9/6 17:00
1086,25,0.85,430,1.8,26.3,,2023/9/6 18:00
1087,24.8,0.9,430,2.1,0,,2023/9/6 19:00
1088,24.3,0.93,430,0.8,0,,2023/9/6 20:00
1089,23.7,0.96,430,2.8,0,,2023/9/6 21:00
1090,23.2,0.96,430,0.8,0,,2023/9/6 22:00
1091,23.2,0.93,430,1.5,0,,2023/9/6 23:00
1092,23.4,0.95,430,1.5,0,,2023/9/7 0:00
1093,23.3,0.94,430,1.5,0,,2023/9/7 1:00
1094,23,0.96,430,1.8,0,,2023/9/7 2:00
1095,22.3,0.98,430,1,0,,2023/9/7 3:00
1096,21.9,0.99,430,0.5,0,,2023/9/7 4:00
1097,22.1,0.98,430,1.7,0,,2023/9/7 5:00
1098,22.2,0.99,430,1.3,52.5,,2023/9/7 6:00
1099,23.7,0.92,430,0.6,204.8,,2023/9/7 7:00
1100,25.7,0.79,430,0.8,567,,2023/9/7 8:00
1101,27,0.72,430,1,693,,2023/9/7 9:00
1102,27.7,0.69,430,2.6,939.8,,2023/9/7 10:00
1103,28.8,0.6,430,2.5,1128.8,,2023/9/7 11:00
1104,28.8,0.6,430,1.8,987,,2023/9/7 12:00
1105,28.3,0.63,430,2.1,913.5,,2023/9/7 13:00
1106,28.4,0.66,430,2.4,813.8,,2023/9/7 14:00
1107,28,0.65,430,2.2,567,,2023/9/7 15:00
1108,27.5,0.63,430,3.1,446.3,,2023/9/7 16:00
1109,26.9,0.72,430,3.2,189,,2023/9/7 17:00
1110,26.2,0.8,430,2.1,36.8,,2023/9/7 18:00
1111,25.8,0.83,430,2.3,0,,2023/9/7 19:00
1112,25.6,0.82,430,2.2,0,,2023/9/7 20:00
1113,25.4,0.83,430,1.2,0,,2023/9/7 21:00
1114,25.4,0.82,430,3,0,,2023/9/7 22:00
1115,24.9,0.84,430,1.5,0,,2023/9/7 23:00
1116,24.3,0.87,430,2.1,0,,2023/9/8 0:00
1117,23.9,0.88,430,2.8,0,,2023/9/8 1:00
1118,23.6,0.89,430,1.8,0,,2023/9/8 2:00
1119,23.2,0.91,430,1.6,0,,2023/9/8 3:00
1120,22.9,0.94,430,1.9,0,,2023/9/8 4:00
1121,22.8,0.94,430,1.9,0,,2023/9/8 5:00
1122,22.6,0.96,430,2.1,5.3,,2023/9/8 6:00
1123,22.3,0.97,430,1.3,15.8,,2023/9/8 7:00
1124,22.2,0.96,430,2.7,21,,2023/9/8 8:00
1125,21.4,0.93,430,3.9,26.3,,2023/9/8 9:00
1126,19.9,0.96,430,3.3,26.3,,2023/9/8 10:00
1127,20,0.97,430,4.8,26.3,,2023/9/8 11:00
1128,21.3,0.97,430,5.1,42,,2023/9/8 12:00
1129,21.8,0.98,430,3.4,189,,2023/9/8 13:00
1130,22.7,0.97,430,3.1,225.8,,2023/9/8 14:00
1131,22.7,0.97,430,3.6,246.8,,2023/9/8 15:00
1132,22.9,0.98,430,3.5,141.8,,2023/9/8 16:00
1133,23.1,0.98,430,2.5,105,,2023/9/8 17:00
1134,23.5,0.99,430,2.1,36.8,,2023/9/8 18:00
1135,23.6,0.99,430,0.7,0,,2023/9/8 19:00
1136,23.5,0.99,430,1.2,0,,2023/9/8 20:00
1137,23.5,1,430,0.3,0,,2023/9/8 21:00
1138,22.6,1,430,1.3,0,,2023/9/8 22:00
1139,22.3,1,430,1,0,,2023/9/8 23:00
1140,22.3,1,430,0.9,0,,2023/9/9 0:00
1141,22.2,1,430,0.8,0,,2023/9/9 1:00
1142,22.3,1,430,0.7,0,,2023/9/9 2:00
1143,22.5,1,430,0,0,,2023/9/9 3:00
1144,22.7,1,430,0.6,0,,2023/9/9 4:00
1145,22.9,1,430,0.3,0,,2023/9/9 5:00
1146,23.2,1,430,0.8,5.3,,2023/9/9 6:00
1147,22.9,1,430,0.5,68.3,,2023/9/9 7:00
1148,23.6,1,430,0.6,183.8,,2023/9/9 8:00
1149,24.8,1,430,0.7,383.3,,2023/9/9 9:00
1150,27.6,0.89,430,1.5,882,,2023/9/9 10:00
1151,28.6,0.83,430,2.7,792.8,,2023/9/9 11:00
1152,28.3,0.87,430,1.8,787.5,,2023/9/9 12:00
1153,28.6,0.8,430,2.8,677.3,,2023/9/9 13:00
1154,29.6,0.76,430,3.3,971.3,,2023/9/9 14:00
1155,30.2,0.72,430,2.8,887.3,,2023/9/9 15:00
1156,29.8,0.7,430,3.6,803.3,,2023/9/9 16:00
1157,28.6,0.75,430,2.5,299.3,,2023/9/9 17:00
1158,27.3,0.81,430,2.4,63,,2023/9/9 18:00
1159,26.6,0.84,430,3,0,,2023/9/9 19:00
1160,26.5,0.84,430,2.2,0,,2023/9/9 20:00
1161,25.6,0.86,430,1.7,0,,2023/9/9 21:00
1162,24.8,0.89,430,1.5,0,,2023/9/9 22:00
1163,23.9,0.94,430,1.9,0,,2023/9/9 23:00
1164,24,0.93,430,1.7,0,,2023/9/10 0:00
1165,22.8,0.97,430,1.2,0,,2023/9/10 1:00
1166,23.7,0.93,430,1.7,0,,2023/9/10 2:00
1167,23.1,0.95,430,1.6,0,,2023/9/10 3:00
1168,22.3,0.99,430,1.1,0,,2023/9/10 4:00
1169,22,1,430,1,0,,2023/9/10 5:00
1170,22.5,1,430,0.4,36.8,,2023/9/10 6:00
1171,25.5,0.95,430,0.8,288.8,,2023/9/10 7:00
1172,27.2,0.84,430,3,619.5,,2023/9/10 8:00
1173,28.9,0.77,430,1.6,976.5,,2023/9/10 9:00
1174,30.9,0.71,430,3.2,1312.5,,2023/9/10 10:00
1175,30.9,0.67,430,3.2,1260,,2023/9/10 11:00
1176,31.9,0.62,430,3.1,1438.5,,2023/9/10 12:00
1177,32.2,0.6,430,3.7,1254.8,,2023/9/10 13:00
1178,31.7,0.6,430,3.1,1197,,2023/9/10 14:00
1179,32.2,0.62,430,3.6,1008,,2023/9/10 15:00
1180,32,0.58,430,3.4,792.8,,2023/9/10 16:00
1181,30.5,0.65,430,3.2,404.3,,2023/9/10 17:00
1182,29.4,0.7,430,2.7,84,,2023/9/10 18:00
1183,28.2,0.75,430,3.1,0,,2023/9/10 19:00
1184,27,0.83,430,1.9,0,,2023/9/10 20:00
1185,26.6,0.86,430,1.8,0,,2023/9/10 21:00
1186,25.8,0.89,430,1.3,0,,2023/9/10 22:00
1187,25.3,0.92,430,1.7,0,,2023/9/10 23:00
1188,24.8,0.96,430,1.7,0,,2023/9/11 0:00
1189,25.2,0.94,430,1.8,0,,2023/9/11 1:00
1190,24.3,0.97,430,1.3,0,,2023/9/11 2:00
1191,24.7,0.96,430,1.5,0,,2023/9/11 3:00
1192,23.6,0.99,430,1.3,0,,2023/9/11 4:00
1193,23.4,0.99,430,1.1,0,,2023/9/11 5:00
1194,24.5,0.99,430,1.2,47.3,,2023/9/11 6:00
1195,25.9,0.92,430,1.9,241.5,,2023/9/11 7:00
1196,27.3,0.85,430,1.5,493.5,,2023/9/11 8:00
1197,28.8,0.72,430,2.1,761.3,,2023/9/11 9:00
1198,30.1,0.7,430,1.3,1097.3,,2023/9/11 10:00
1199,29.6,0.67,430,2.6,834.8,,2023/9/11 11:00
1200,30.6,0.65,430,2.7,1123.5,,2023/9/11 12:00
1201,30.3,0.66,430,2.3,1181.3,,2023/9/11 13:00
1202,30.7,0.64,430,1.9,761.3,,2023/9/11 14:00
1203,29.7,0.71,430,2.3,346.5,,2023/9/11 15:00
1204,31.1,0.66,430,2.3,309.8,,2023/9/11 16:00
1205,29.5,0.7,430,2.6,372.8,,2023/9/11 17:00
1206,28.3,0.77,430,2.4,42,,2023/9/11 18:00
1207,27.5,0.82,430,2.3,0,,2023/9/11 19:00
1208,26.9,0.84,430,1.9,0,,2023/9/11 20:00
1209,25.8,0.9,430,1.4,0,,2023/9/11 21:00
1210,25.6,0.92,430,1.9,0,,2023/9/11 22:00
1211,25.6,0.92,430,1.9,0,,2023/9/11 23:00
1212,25.4,0.94,430,1.8,0,,2023/9/12 0:00
1213,25.3,0.95,430,1.7,0,,2023/9/12 1:00
1214,25.5,0.94,430,1.5,0,,2023/9/12 2:00
1215,24.8,0.95,430,1.1,0,,2023/9/12 3:00
1216,24.1,0.99,430,0.8,0,,2023/9/12 4:00
1217,24.3,0.99,430,1.4,0,,2023/9/12 5:00
1218,24.7,0.98,430,0.9,57.8,,2023/9/12 6:00
1219,26.9,0.84,430,1.8,409.5,,2023/9/12 7:00
1220,27.8,0.74,430,1.8,645.8,,2023/9/12 8:00
1221,29,0.63,430,2,1029,,2023/9/12 9:00
1222,29.8,0.65,430,2,1097.3,,2023/9/12 10:00
1223,29.3,0.64,430,2,929.3,,2023/9/12 11:00
1224,30.1,0.59,430,1.3,971.3,,2023/9/12 12:00
1225,30.5,0.65,430,1.4,813.8,,2023/9/12 13:00
1226,30.4,0.63,430,3,1060.5,,2023/9/12 14:00
1227,30.2,0.66,430,3.2,1092,,2023/9/12 15:00
1228,29.7,0.65,430,3.8,661.5,,2023/9/12 16:00
1229,28.5,0.66,430,3.7,388.5,,2023/9/12 17:00
1230,27.1,0.71,430,2.7,73.5,,2023/9/12 18:00
1231,26,0.75,430,2.2,0,,2023/9/12 19:00
1232,24.4,0.83,430,1.8,0,,2023/9/12 20:00
1233,23.4,0.91,430,1.6,0,,2023/9/12 21:00
1234,22.7,0.95,430,1.4,0,,2023/9/12 22:00
1235,22.4,0.96,430,1.8,0,,2023/9/12 23:00
1236,21.8,0.98,430,1.2,0,,2023/9/13 0:00
1237,21.5,0.99,430,1,0,,2023/9/13 1:00
1238,21.5,0.99,430,1.1,0,,2023/9/13 2:00
1239,21.5,1,430,1.5,0,,2023/9/13 3:00
1240,21.3,1,430,1.2,0,,2023/9/13 4:00
1241,21.1,1,430,1,0,,2023/9/13 5:00
1242,21.1,1,430,0.8,36.8,,2023/9/13 6:00
1243,23.8,0.94,430,1.5,304.5,,2023/9/13 7:00
1244,26.6,0.75,430,1.1,672,,2023/9/13 8:00
1245,27.9,0.67,430,1.5,1039.5,,2023/9/13 9:00
1246,29.1,0.57,430,1.6,1302,,2023/9/13 10:00
1247,30.7,0.51,430,1,1496.3,,2023/9/13 11:00
1248,31.3,0.5,430,2.1,1554,,2023/9/13 12:00
1249,31.9,0.52,430,2.4,1506.8,,2023/9/13 13:00
1250,31.9,0.53,430,1.5,1354.5,,2023/9/13 14:00
1251,30,0.68,430,2.4,960.8,,2023/9/13 15:00
1252,30.1,0.67,430,2.4,666.8,,2023/9/13 16:00
1253,28.9,0.73,430,2.9,362.3,,2023/9/13 17:00
1254,28,0.76,430,2.3,73.5,,2023/9/13 18:00
1255,27.2,0.78,430,2.4,0,,2023/9/13 19:00
1256,26.5,0.84,430,1.1,0,,2023/9/13 20:00
1257,25.1,0.92,430,1.2,0,,2023/9/13 21:00
1258,24.6,0.96,430,1.1,0,,2023/9/13 22:00
1259,24.7,0.95,430,1.4,0,,2023/9/13 23:00
1260,25.1,0.95,430,1.5,0,,2023/9/14 0:00
1261,24.5,0.98,430,0.9,0,,2023/9/14 1:00
1262,23.7,0.99,430,1,0,,2023/9/14 2:00
1263,23.4,0.99,430,0.8,0,,2023/9/14 3:00
1264,23.6,1,430,1,0,,2023/9/14 4:00
1265,24.8,0.99,430,0.9,0,,2023/9/14 5:00
1266,25.2,0.98,430,1,21,,2023/9/14 6:00
1267,25.8,0.94,430,1,152.3,,2023/9/14 7:00
1268,27.9,0.83,430,1.4,640.5,,2023/9/14 8:00
1269,28.2,0.77,430,2.1,703.5,,2023/9/14 9:00
1270,29.7,0.69,430,2.5,803.3,,2023/9/14 10:00
1271,32,0.68,430,2.3,1018.5,,2023/9/14 11:00
1272,32.1,0.57,430,3.7,1569.8,,2023/9/14 12:00
1273,32.8,0.56,430,2.6,1506.8,,2023/9/14 13:00
1274,32.8,0.53,430,4.1,1281,,2023/9/14 14:00
1275,32.5,0.54,430,3.8,1086.8,,2023/9/14 15:00
1276,31.4,0.6,430,2.9,714,,2023/9/14 16:00
1277,30.3,0.66,430,2.9,325.5,,2023/9/14 17:00
1278,29,0.71,430,2.6,36.8,,2023/9/14 18:00
1279,28.1,0.78,430,2.6,0,,2023/9/14 19:00
1280,27.7,0.8,430,2.4,0,,2023/9/14 20:00
1281,26.9,0.85,430,1.8,0,,2023/9/14 21:00
1282,26.6,0.87,430,2,0,,2023/9/14 22:00
1283,25.3,0.94,430,1.1,0,,2023/9/14 23:00
1284,24.9,0.96,430,1.3,0,,2023/9/15 0:00
1285,24.3,0.97,430,0.9,0,,2023/9/15 1:00
1286,24,0.98,430,1.5,0,,2023/9/15 2:00
1287,25.1,0.95,430,1.5,0,,2023/9/15 3:00
1288,24.6,0.97,430,1.5,0,,2023/9/15 4:00
1289,24.4,0.98,430,1.3,0,,2023/9/15 5:00
1290,25,0.97,430,1.2,36.8,,2023/9/15 6:00
1291,26.9,0.9,430,0.8,273,,2023/9/15 7:00
1292,28.5,0.78,430,1.1,624.8,,2023/9/15 8:00
1293,30.4,0.7,430,1.8,971.3,,2023/9/15 9:00
1294,30.5,0.67,430,2.5,1181.3,,2023/9/15 10:00
1295,31,0.62,430,3,1207.5,,2023/9/15 11:00
1296,31.1,0.57,430,3.1,1380.8,,2023/9/15 12:00
1297,30,0.65,430,3,698.3,,2023/9/15 13:00
1298,30.7,0.64,430,3.9,1291.5,,2023/9/15 14:00
1299,30.5,0.64,430,4.1,918.8,,2023/9/15 15:00
1300,28.8,0.69,430,2.4,582.8,,2023/9/15 16:00
1301,28,0.74,430,2.8,210,,2023/9/15 17:00
1302,27.2,0.79,430,2.2,57.8,,2023/9/15 18:00
1303,26.8,0.82,430,1.9,0,,2023/9/15 19:00
1304,26.1,0.89,430,1.3,0,,2023/9/15 20:00
1305,26,0.91,430,1.4,0,,2023/9/15 21:00
1306,25.9,0.92,430,1.5,0,,2023/9/15 22:00
1307,25.9,0.93,430,1.5,0,,2023/9/15 23:00
1308,25.7,0.94,430,2.1,0,,2023/9/16 0:00
1309,25.5,0.94,430,1.7,0,,2023/9/16 1:00
1310,25,0.95,430,1.6,0,,2023/9/16 2:00
1311,25.2,0.91,430,2,0,,2023/9/16 3:00
1312,24.9,0.91,430,1.7,0,,2023/9/16 4:00
1313,23.6,0.97,430,0.8,0,,2023/9/16 5:00
1314,24.6,0.95,430,1,10.5,,2023/9/16 6:00
1315,25.5,0.9,430,1,89.3,,2023/9/16 7:00
1316,26.1,0.87,430,1.3,262.5,,2023/9/16 8:00
1317,27.1,0.85,430,1.3,509.3,,2023/9/16 9:00
1318,28,0.8,430,0.8,577.5,,2023/9/16 10:00
1319,29,0.75,430,1.5,950.3,,2023/9/16 11:00
1320,29.7,0.72,430,1.5,708.8,,2023/9/16 12:00
1321,30.5,0.69,430,1,903,,2023/9/16 13:00
1322,31.1,0.69,430,1.5,792.8,,2023/9/16 14:00
1323,31.8,0.66,430,2.5,934.5,,2023/9/16 15:00
1324,31.3,0.68,430,2.3,546,,2023/9/16 16:00
1325,30,0.76,430,2.4,288.8,,2023/9/16 17:00
1326,28.9,0.78,430,2.7,15.8,,2023/9/16 18:00
1327,28.5,0.8,430,2.6,0,,2023/9/16 19:00
1328,28.4,0.82,430,2.3,0,,2023/9/16 20:00
1329,28,0.82,430,1.9,0,,2023/9/16 21:00
1330,27.9,0.84,430,1.7,0,,2023/9/16 22:00
1331,26.5,0.93,430,1.3,0,,2023/9/16 23:00
1332,26.6,0.91,430,1.1,0,,2023/9/17 0:00
1333,25.9,0.96,430,1.4,0,,2023/9/17 1:00
1334,26.5,0.93,430,1.4,0,,2023/9/17 2:00
1335,26,0.94,430,1.8,0,,2023/9/17 3:00
1336,25.1,0.97,430,1.4,0,,2023/9/17 4:00
1337,24.8,0.99,430,1.2,0,,2023/9/17 5:00
1338,25.6,0.97,430,0.9,21,,2023/9/17 6:00
1339,26.5,0.91,430,1.3,199.5,,2023/9/17 7:00
1340,27.6,0.85,430,0.8,388.5,,2023/9/17 8:00
1341,28.6,0.81,430,1.5,535.5,,2023/9/17 9:00
1342,29,0.81,430,1.4,372.8,,2023/9/17 10:00
1343,30.3,0.76,430,1.6,735,,2023/9/17 11:00
1344,31.2,0.72,430,2.5,1013.3,,2023/9/17 12:00
1345,33.2,0.62,430,3.2,1302,,2023/9/17 13:00
1346,33.1,0.61,430,3.5,1281,,2023/9/17 14:00
1347,32.7,0.53,430,4.3,1039.5,,2023/9/17 15:00
1348,31.8,0.62,430,3.5,698.3,,2023/9/17 16:00
1349,30.5,0.67,430,3.8,330.8,,2023/9/17 17:00
1350,29.2,0.72,430,3.3,52.5,,2023/9/17 18:00
1351,28.4,0.75,430,2.8,0,,2023/9/17 19:00
1352,27.7,0.78,430,2.1,0,,2023/9/17 20:00
1353,27.7,0.77,430,2.8,0,,2023/9/17 21:00
1354,27.1,0.82,430,1.8,0,,2023/9/17 22:00
1355,26.9,0.86,430,2.7,0,,2023/9/17 23:00
1356,26.8,0.87,430,2.7,0,,2023/9/18 0:00
1357,26.8,0.86,430,2.1,0,,2023/9/18 1:00
1358,26.6,0.86,430,2.8,0,,2023/9/18 2:00
1359,25.3,0.94,430,1,0,,2023/9/18 3:00
1360,26.1,0.91,430,1.8,0,,2023/9/18 4:00
1361,25.1,0.95,430,1.3,0,,2023/9/18 5:00
1362,25.6,0.96,430,1.8,26.3,,2023/9/18 6:00
1363,27.8,0.84,430,3,278.3,,2023/9/18 7:00
1364,28,0.81,430,2.2,451.5,,2023/9/18 8:00
1365,28.5,0.77,430,3.3,572.3,,2023/9/18 9:00
1366,31.2,0.68,430,3.6,1097.3,,2023/9/18 10:00
1367,31.8,0.63,430,3.1,1454.3,,2023/9/18 11:00
1368,32.3,0.61,430,4.1,1312.5,,2023/9/18 12:00
1369,33,0.56,430,4.3,1380.8,,2023/9/18 13:00
1370,32.6,0.55,430,5.1,1296.8,,2023/9/18 14:00
1371,32.1,0.54,430,6,1034.3,,2023/9/18 15:00
1372,31.3,0.58,430,5,703.5,,2023/9/18 16:00
1373,29.9,0.62,430,4.6,341.3,,2023/9/18 17:00
1374,29.1,0.61,430,3.4,47.3,,2023/9/18 18:00
1375,28.2,0.69,430,2.6,0,,2023/9/18 19:00
1376,27.6,0.72,430,2.8,0,,2023/9/18 20:00
1377,26.9,0.77,430,2.5,0,,2023/9/18 21:00
1378,26.3,0.82,430,2.5,0,,2023/9/18 22:00
1379,25.5,0.84,430,1.5,0,,2023/9/18 23:00
1380,23.8,0.94,430,1.4,0,,2023/9/19 0:00
1381,23.6,0.96,430,1.4,0,,2023/9/19 1:00
1382,23.8,0.97,430,1.6,0,,2023/9/19 2:00
1383,23.4,0.97,430,1.1,0,,2023/9/19 3:00
1384,24,0.96,430,1.8,0,,2023/9/19 4:00
1385,23.9,0.97,430,1.9,0,,2023/9/19 5:00
1386,24,0.95,430,1.5,26.3,,2023/9/19 6:00
1387,25.6,0.88,430,1.1,278.3,,2023/9/19 7:00
1388,27.9,0.75,430,1.9,635.3,,2023/9/19 8:00
1389,29.1,0.7,430,2.3,929.3,,2023/9/19 9:00
1390,30,0.67,430,3.3,960.8,,2023/9/19 10:00
1391,31.4,0.6,430,2.5,1386,,2023/9/19 11:00
1392,32.5,0.58,430,2.6,1580.3,,2023/9/19 12:00
1393,32.5,0.56,430,3.7,1485.8,,2023/9/19 13:00
1394,32.4,0.58,430,4.1,1260,,2023/9/19 14:00
1395,31.9,0.6,430,4.2,1013.3,,2023/9/19 15:00
1396,31.1,0.64,430,4,682.5,,2023/9/19 16:00
1397,29.9,0.68,430,3.9,309.8,,2023/9/19 17:00
1398,28.8,0.74,430,4.3,42,,2023/9/19 18:00
1399,28,0.8,430,2.3,0,,2023/9/19 19:00
1400,27.8,0.82,430,2.5,0,,2023/9/19 20:00
1401,27.2,0.85,430,1.4,0,,2023/9/19 21:00
1402,26.3,0.89,430,1.8,0,,2023/9/19 22:00
1403,25.4,0.94,430,1.4,0,,2023/9/19 23:00
1404,25,0.95,430,1,0,,2023/9/20 0:00
1405,24.3,0.96,430,0.8,0,,2023/9/20 1:00
1406,24.4,0.96,430,1.5,0,,2023/9/20 2:00
1407,23.9,0.94,430,1.2,0,,2023/9/20 3:00
1408,23.9,0.95,430,1.8,0,,2023/9/20 4:00
1409,23.7,0.95,430,1,0,,2023/9/20 5:00
1410,23.5,0.98,430,0.9,36.8,,2023/9/20 6:00
1411,25.5,0.91,430,0.5,215.3,,2023/9/20 7:00
1412,26.9,0.85,430,0.7,472.5,,2023/9/20 8:00
1413,28.1,0.77,430,0.7,525,,2023/9/20 9:00
1414,29.5,0.7,430,2.2,1018.5,,2023/9/20 10:00
1415,30,0.65,430,0.9,1370.3,,2023/9/20 11:00
1416,30.8,0.63,430,0.7,1050,,2023/9/20 12:00
1417,30.1,0.69,430,1.5,698.3,,2023/9/20 13:00
1418,30.7,0.67,430,2.6,698.3,,2023/9/20 14:00
1419,28.8,0.74,430,3,456.8,,2023/9/20 15:00
1420,28.9,0.71,430,2.4,315,,2023/9/20 16:00
1421,28,0.75,430,3.3,120.8,,2023/9/20 17:00
1422,25.8,0.93,430,2.4,5.3,,2023/9/20 18:00
1423,25.1,0.9,430,2.3,0,,2023/9/20 19:00
1424,24.9,0.89,430,1.9,0,,2023/9/20 20:00
1425,25.1,0.89,430,2.4,0,,2023/9/20 21:00
1426,24.5,0.9,430,1.6,0,,2023/9/20 22:00
1427,24.1,0.93,430,2.1,0,,2023/9/20 23:00
1428,23.6,0.89,430,1.7,0,,2023/9/21 0:00
1429,22.8,0.98,430,0.9,0,,2023/9/21 1:00
1430,23.3,0.95,430,0.9,0,,2023/9/21 2:00
1431,23.1,0.97,430,0.7,0,,2023/9/21 3:00
1432,22.3,0.96,430,0.8,0,,2023/9/21 4:00
1433,22,0.95,430,0.7,0,,2023/9/21 5:00
1434,21.9,0.97,430,0.8,15.8,,2023/9/21 6:00
1435,24.3,0.84,430,1.2,173.3,,2023/9/21 7:00
1436,25.3,0.83,430,1.6,288.8,,2023/9/21 8:00
1437,25.7,0.85,430,1.4,336,,2023/9/21 9:00
1438,26,0.84,430,1.4,283.5,,2023/9/21 10:00
1439,27.8,0.84,430,1.8,551.3,,2023/9/21 11:00
1440,28.9,0.76,430,5,603.8,,2023/9/21 12:00
1441,29.2,0.74,430,6.1,939.8,,2023/9/21 13:00
1442,28.9,0.77,430,6.8,603.8,,2023/9/21 14:00
1443,29.4,0.76,430,6.7,546,,2023/9/21 15:00
1444,28.7,0.78,430,6.9,315,,2023/9/21 16:00
1445,28.1,0.81,430,6.8,136.5,,2023/9/21 17:00
1446,27.8,0.81,430,7.4,15.8,,2023/9/21 18:00
1447,27.9,0.82,430,7,0,,2023/9/21 19:00
1448,28.1,0.79,430,7.6,0,,2023/9/21 20:00
1449,27.9,0.82,430,6.9,0,,2023/9/21 21:00
1450,27.9,0.83,430,4.9,0,,2023/9/21 22:00
1451,28,0.81,430,3.1,0,,2023/9/21 23:00
1452,25,0.92,430,1.8,0,,2023/9/22 0:00
1453,24.4,0.97,430,0.8,0,,2023/9/22 1:00
1454,24.1,0.98,430,1.5,0,,2023/9/22 2:00
1455,24.1,0.98,430,1.3,0,,2023/9/22 3:00
1456,24,0.98,430,0.9,0,,2023/9/22 4:00
1457,23.8,0.99,430,0.7,0,,2023/9/22 5:00
1458,24,0.99,430,0.9,10.5,,2023/9/22 6:00
1459,24.2,0.98,430,1.2,57.8,,2023/9/22 7:00
1460,24.6,0.96,430,1,120.8,,2023/9/22 8:00
1461,25.6,0.9,430,0.4,267.8,,2023/9/22 9:00
1462,25.4,0.94,430,0.2,267.8,,2023/9/22 10:00
1463,25.6,0.9,430,2.2,294,,2023/9/22 11:00
1464,25.5,0.79,430,3.6,677.3,,2023/9/22 12:00
1465,25.7,0.8,430,2.8,808.5,,2023/9/22 13:00
1466,25.7,0.79,430,2.7,530.3,,2023/9/22 14:00
1467,25.7,0.78,430,3,530.3,,2023/9/22 15:00
1468,25.1,0.83,430,2.9,309.8,,2023/9/22 16:00
1469,24.9,0.82,430,2.9,110.3,,2023/9/22 17:00
1470,24.4,0.83,430,2.9,31.5,,2023/9/22 18:00
1471,23.7,0.9,430,2,0,,2023/9/22 19:00
1472,23.1,0.92,430,1.9,0,,2023/9/22 20:00
1473,22.5,0.96,430,0.9,0,,2023/9/22 21:00
1474,22.3,0.92,430,1.7,0,,2023/9/22 22:00
1475,22.2,0.99,430,0.4,0,,2023/9/22 23:00
1476,21.8,0.98,430,1.9,0,,2023/9/23 0:00
1477,21.2,0.97,430,2.8,0,,2023/9/23 1:00
1478,21.2,0.98,430,2.2,0,,2023/9/23 2:00
1479,20.8,0.97,430,2.5,0,,2023/9/23 3:00
1480,20.8,0.98,430,1.8,0,,2023/9/23 4:00
1481,20.7,0.98,430,2,0,,2023/9/23 5:00
1482,20.6,0.97,430,2.2,0,,2023/9/23 6:00
1483,20.7,0.97,430,2.1,21,,2023/9/23 7:00
1484,20.8,0.98,430,1.9,47.3,,2023/9/23 8:00
1485,20.8,0.98,430,1.6,136.5,,2023/9/23 9:00
1486,21.8,0.96,430,2.3,378,,2023/9/23 10:00
1487,22.2,0.93,430,2.4,483,,2023/9/23 11:00
1488,23.3,0.86,430,1.9,651,,2023/9/23 12:00
1489,23.8,0.79,430,3.1,687.8,,2023/9/23 13:00
1490,23.4,0.8,430,2.5,420,,2023/9/23 14:00
1491,23.9,0.78,430,2.7,346.5,,2023/9/23 15:00
1492,22.9,0.79,430,3.6,294,,2023/9/23 16:00
1493,22.1,0.82,430,1.7,94.5,,2023/9/23 17:00
1494,21.1,0.88,430,1.4,10.5,,2023/9/23 18:00
1495,21.1,0.9,430,1.9,0,,2023/9/23 19:00
1496,21.4,0.85,430,1.9,0,,2023/9/23 20:00
1497,19.8,0.86,430,1.7,0,,2023/9/23 21:00
1498,19.1,0.85,430,2.7,0,,2023/9/23 22:00
1499,18.7,0.81,430,2.8,0,,2023/9/23 23:00
1500,18.1,0.83,430,2.4,0,,2023/9/24 0:00
1501,19,0.8,430,2,0,,2023/9/24 1:00
1502,19.2,0.77,430,2.2,0,,2023/9/24 2:00
1503,18.7,0.84,430,1.6,0,,2023/9/24 3:00
1504,17.3,0.94,430,1.8,0,,2023/9/24 4:00
1505,17.2,0.9,430,1.9,0,,2023/9/24 5:00
1506,16.7,0.92,430,1.7,10.5,,2023/9/24 6:00
1507,19.3,0.71,430,2.3,157.5,,2023/9/24 7:00
1508,20.2,0.67,430,2.8,299.3,,2023/9/24 8:00
1509,22.9,0.58,430,4.2,698.3,,2023/9/24 9:00
1510,22.8,0.6,430,2.7,1118.3,,2023/9/24 10:00
1511,24.4,0.6,430,3.3,1039.5,,2023/9/24 11:00
1512,25.3,0.57,430,3.8,1449,,2023/9/24 12:00
1513,25.3,0.59,430,2.8,1176,,2023/9/24 13:00
1514,25.7,0.56,430,2.7,1312.5,,2023/9/24 14:00
1515,25.4,0.5,430,3.4,981.8,,2023/9/24 15:00
1516,24.3,0.56,430,3.8,682.5,,2023/9/24 16:00
1517,22.8,0.64,430,2.5,309.8,,2023/9/24 17:00
1518,21.7,0.69,430,3.3,31.5,,2023/9/24 18:00
1519,20.6,0.74,430,2.7,0,,2023/9/24 19:00
1520,19.9,0.77,430,2.5,0,,2023/9/24 20:00
1521,19.5,0.8,430,2.6,0,,2023/9/24 21:00
1522,19.6,0.79,430,2.7,0,,2023/9/24 22:00
1523,19.3,0.78,430,1.9,0,,2023/9/24 23:00
1524,17,0.89,430,1.6,0,,2023/9/25 0:00
1525,16.3,0.94,430,1.9,0,,2023/9/25 1:00
1526,15.9,0.95,430,1.6,0,,2023/9/25 2:00
1527,15.3,0.96,430,1.8,0,,2023/9/25 3:00
1528,15.5,0.95,430,1.3,0,,2023/9/25 4:00
1529,15.4,0.94,430,1.8,0,,2023/9/25 5:00
1530,15.3,0.93,430,1.9,15.8,,2023/9/25 6:00
1531,17.2,0.85,430,2.3,241.5,,2023/9/25 7:00
1532,20,0.75,430,1.4,572.3,,2023/9/25 8:00
1533,21.1,0.7,430,2,771.8,,2023/9/25 9:00
1534,21,0.71,430,1.6,325.5,,2023/9/25 10:00
1535,23.4,0.61,430,1.4,703.5,,2023/9/25 11:00
1536,24.6,0.53,430,2,1307.3,,2023/9/25 12:00
1537,26,0.51,430,2.3,1207.5,,2023/9/25 13:00
1538,26.4,0.47,430,2.7,1254.8,,2023/9/25 14:00
1539,26.1,0.58,430,2,645.8,,2023/9/25 15:00
1540,26,0.55,430,2.3,556.5,,2023/9/25 16:00
1541,24.1,0.65,430,1.7,257.3,,2023/9/25 17:00
1542,23.2,0.74,430,1.9,21,,2023/9/25 18:00
1543,22,0.82,430,1.5,0,,2023/9/25 19:00
1544,21.7,0.86,430,1.6,0,,2023/9/25 20:00
1545,21.1,0.89,430,1.5,0,,2023/9/25 21:00
1546,20.4,0.93,430,1.6,0,,2023/9/25 22:00
1547,19.4,0.97,430,1.5,0,,2023/9/25 23:00
1548,19,0.97,430,1.4,0,,2023/9/26 0:00
1549,18,0.99,430,1.1,0,,2023/9/26 1:00
1550,17.8,0.99,430,1.9,0,,2023/9/26 2:00
1551,18.1,1,430,1.2,0,,2023/9/26 3:00
1552,18.1,0.99,430,1.2,0,,2023/9/26 4:00
1553,18.3,0.98,430,1.6,0,,2023/9/26 5:00
1554,18.3,0.97,430,1.4,15.8,,2023/9/26 6:00
1555,20.3,0.91,430,0.9,204.8,,2023/9/26 7:00
1556,22.1,0.84,430,0.8,446.3,,2023/9/26 8:00
1557,24.3,0.74,430,1,687.8,,2023/9/26 9:00
1558,25.7,0.66,430,1.6,966,,2023/9/26 10:00
1559,25.7,0.65,430,0.9,913.5,,2023/9/26 11:00
1560,27,0.64,430,1.7,824.3,,2023/9/26 12:00
1561,27,0.62,430,1.5,1092,,2023/9/26 13:00
1562,26,0.7,430,1.1,530.3,,2023/9/26 14:00
1563,26,0.62,430,1.9,299.3,,2023/9/26 15:00
1564,26.3,0.55,430,1.7,288.8,,2023/9/26 16:00
1565,25.3,0.73,430,1.7,183.8,,2023/9/26 17:00
1566,23.5,0.8,430,1.2,31.5,,2023/9/26 18:00
1567,23,0.83,430,1.4,0,,2023/9/26 19:00
1568,22.3,0.85,430,1.6,0,,2023/9/26 20:00
1569,20.9,0.94,430,0.8,0,,2023/9/26 21:00
1570,21.3,0.91,430,1.6,0,,2023/9/26 22:00
1571,21.7,0.88,430,1.5,0,,2023/9/26 23:00
1572,20.9,0.95,430,1.2,0,,2023/9/27 0:00
1573,20.9,0.95,430,0.8,0,,2023/9/27 1:00
1574,20.8,0.95,430,0.9,0,,2023/9/27 2:00
1575,20.6,0.96,430,0.4,0,,2023/9/27 3:00
1576,20.6,0.97,430,1,0,,2023/9/27 4:00
1577,20.7,0.97,430,0.6,0,,2023/9/27 5:00
1578,20.8,0.97,430,0.4,5.3,,2023/9/27 6:00
1579,22,0.94,430,0.3,73.5,,2023/9/27 7:00
1580,23.1,0.83,430,0.9,262.5,,2023/9/27 8:00
1581,24.3,0.8,430,0.5,393.8,,2023/9/27 9:00
1582,24.9,0.8,430,0.6,472.5,,2023/9/27 10:00
1583,26.3,0.75,430,1,1029,,2023/9/27 11:00
1584,27.2,0.71,430,0.9,703.5,,2023/9/27 12:00
1585,29,0.59,430,1.8,876.8,,2023/9/27 13:00
1586,29.2,0.58,430,2.9,1118.3,,2023/9/27 14:00
1587,26.6,0.76,430,3.5,887.3,,2023/9/27 15:00
1588,25.5,0.79,430,2.8,556.5,,2023/9/27 16:00
1589,24.2,0.83,430,2.5,178.5,,2023/9/27 17:00
1590,23.6,0.85,430,3.2,10.5,,2023/9/27 18:00
1591,23.5,0.86,430,1.8,0,,2023/9/27 19:00
1592,23.1,0.88,430,2.4,0,,2023/9/27 20:00
1593,23.2,0.88,430,2,0,,2023/9/27 21:00
1594,23.2,0.88,430,2.3,0,,2023/9/27 22:00
1595,23.1,0.88,430,2.4,0,,2023/9/27 23:00
1596,23.1,0.88,430,2.1,0,,2023/9/28 0:00
1597,22.7,0.9,430,1.9,0,,2023/9/28 1:00
1598,22.7,0.9,430,1.8,0,,2023/9/28 2:00
1599,22.1,0.92,430,1.1,0,,2023/9/28 3:00
1600,22.1,0.92,430,0.8,0,,2023/9/28 4:00
1601,22.3,0.92,430,1,0,,2023/9/28 5:00
1602,22.1,0.93,430,1.4,5.3,,2023/9/28 6:00
1603,22.9,0.91,430,1.3,110.3,,2023/9/28 7:00
1604,23.5,0.9,430,0.2,157.5,,2023/9/28 8:00
1605,24.3,0.86,430,1.4,378,,2023/9/28 9:00
1606,25.6,0.85,430,1.4,514.5,,2023/9/28 10:00
1607,27.1,0.74,430,2.5,1013.3,,2023/9/28 11:00
1608,28.7,0.71,430,1,1013.3,,2023/9/28 12:00
1609,29.2,0.68,430,1.4,1002.8,,2023/9/28 13:00
1610,30.5,0.64,430,1.9,1191.8,,2023/9/28 14:00
1611,31,0.63,430,1.4,913.5,,2023/9/28 15:00
1612,30,0.69,430,1.3,567,,2023/9/28 16:00
1613,27.9,0.78,430,1.4,225.8,,2023/9/28 17:00
1614,26.2,0.86,430,1.7,21,,2023/9/28 18:00
1615,26.6,0.84,430,2.1,0,,2023/9/28 19:00
1616,25.7,0.87,430,1.8,0,,2023/9/28 20:00
1617,25.8,0.85,430,1.9,0,,2023/9/28 21:00
1618,25.2,0.89,430,1.8,0,,2023/9/28 22:00
1619,24.7,0.91,430,1.6,0,,2023/9/28 23:00
1620,23.4,0.97,430,0.7,0,,2023/9/29 0:00
1621,23.7,0.97,430,1.3,0,,2023/9/29 1:00
1622,23.7,0.96,430,0.6,0,,2023/9/29 2:00
1623,24.8,0.85,430,1.8,0,,2023/9/29 3:00
1624,23.9,0.79,430,1.7,0,,2023/9/29 4:00
1625,23.3,0.81,430,1.8,0,,2023/9/29 5:00
1626,23.3,0.82,430,1.3,10.5,,2023/9/29 6:00
1627,24.2,0.8,430,1.4,147,,2023/9/29 7:00
1628,25.7,0.73,430,2.7,430.5,,2023/9/29 8:00
1629,26.3,0.66,430,3,834.8,,2023/9/29 9:00
1630,27.5,0.61,430,2.4,908.3,,2023/9/29 10:00
1631,27.1,0.64,430,2.6,992.3,,2023/9/29 11:00
1632,27.2,0.65,430,2.7,882,,2023/9/29 12:00
1633,27.8,0.6,430,2.6,1018.5,,2023/9/29 13:00
1634,27.6,0.62,430,3.1,1181.3,,2023/9/29 14:00
1635,27.8,0.61,430,2.7,824.3,,2023/9/29 15:00
1636,26.9,0.61,430,2.4,378,,2023/9/29 16:00
1637,25.9,0.63,430,3.1,89.3,,2023/9/29 17:00
1638,25.1,0.66,430,1.9,15.8,,2023/9/29 18:00
1639,24,0.76,430,1.6,0,,2023/9/29 19:00
1640,23.5,0.79,430,1.8,0,,2023/9/29 20:00
1641,23.3,0.84,430,1.9,0,,2023/9/29 21:00
1642,22.7,0.88,430,1.5,0,,2023/9/29 22:00
1643,22.8,0.88,430,1.2,0,,2023/9/29 23:00
1644,23.4,0.83,430,1.6,0,,2023/9/30 0:00
1645,22.7,0.87,430,2.1,0,,2023/9/30 1:00
1646,22.9,0.87,430,1.4,0,,2023/9/30 2:00
1647,22.2,0.9,430,1.8,0,,2023/9/30 3:00
1648,22.5,0.89,430,1.9,0,,2023/9/30 4:00
1649,22.3,0.92,430,1.9,0,,2023/9/30 5:00
1650,22.1,0.89,430,2.1,10.5,,2023/9/30 6:00
1651,22.7,0.8,430,2,225.8,,2023/9/30 7:00
1652,24.1,0.75,430,2.8,598.5,,2023/9/30 8:00
1653,26.3,0.69,430,2.3,939.8,,2023/9/30 9:00
1654,26.6,0.69,430,2.5,861,,2023/9/30 10:00
1655,27.1,0.65,430,2.6,1139.3,,2023/9/30 11:00
1656,27.5,0.68,430,2.6,609,,2023/9/30 12:00
1657,26.2,0.71,430,2.4,682.5,,2023/9/30 13:00
1658,26.1,0.72,430,1.9,467.3,,2023/9/30 14:00
1659,27,0.7,430,2.1,897.8,,2023/9/30 15:00
1660,26.6,0.71,430,1.8,540.8,,2023/9/30 16:00
1661,25.3,0.78,430,2,173.3,,2023/9/30 17:00
1662,24.5,0.82,430,1.7,10.5,,2023/9/30 18:00
1663,23.9,0.85,430,1,0,,2023/9/30 19:00
1664,23.5,0.88,430,2.1,0,,2023/9/30 20:00
1665,23.3,0.89,430,1.3,0,,2023/9/30 21:00
1666,23.4,0.91,430,1.5,0,,2023/9/30 22:00
1667,23.2,0.93,430,1.6,0,,2023/9/30 23:00
1668,23.2,0.93,430,1.9,0,,
