t,air_temperature,humidity,ambient_CO2,Wind,PARi,,date,
0,5.7,0.663278272,462.6666667,1.153333333,0,,2024/4/10 0:00,Wheat Heading
1,4.308333333,0.726123596,466,1.186666667,0,,2024/4/10 1:00,
2,3.383333333,0.768934531,473.1666667,0.785,0,,2024/4/10 2:00,
3,3.908333333,0.735919125,471.1666667,1.0525,0,,2024/4/10 3:00,
4,2.916666667,0.76980965,479,0.588333333,0,,2024/4/10 4:00,
5,1.641666667,0.835589942,493.8333333,0.719166667,19.60833333,,2024/4/10 5:00,
6,3.591666667,0.862798492,472.1666667,0.475833333,284,,2024/4/10 6:00,
7,7.916666667,0.729898517,456,0.925833333,730.725,,2024/4/10 7:00,
8,10.35,0.585100742,456.6666667,1.250833333,1193.925,,2024/4/10 8:00,
9,12.45833333,0.497635252,456.5,1.150833333,1593.208333,,2024/4/10 9:00,
10,13.91666667,0.440251572,450.8333333,1.109166667,1882.458333,,2024/4/10 10:00,
11,15.125,0.421359223,451.6666667,1.286666667,1811.891667,,2024/4/10 11:00,
12,16.15,0.481114945,455.5,1.733333333,1994.833333,,2024/4/10 12:00,
13,16.325,0.50094416,455.3333333,2.421666667,1898.2,,2024/4/10 13:00,
14,16.075,0.560434544,454,3.17,1563.466667,,2024/4/10 14:00,
15,15.625,0.585565266,456.8333333,3.189166667,1132.841667,,2024/4/10 15:00,
16,14.81666667,0.61797308,458.8333333,3.248333333,653.65,,2024/4/10 16:00,
17,13.98333333,0.661344187,465,2.328333333,177.6333333,,2024/4/10 17:00,
18,13.36666667,0.654816264,472.6666667,1.561666667,9.075,,2024/4/10 18:00,
19,13.40833333,0.646420824,478.1666667,1.538333333,0,,2024/4/10 19:00,
20,12.7,0.682810368,486,0.841666667,0,,2024/4/10 20:00,
21,10.31666667,0.803960659,533.8333333,0.443333333,0,,2024/4/10 21:00,
22,8.691666667,0.865766835,552,0.391666667,0,,2024/4/10 22:00,
23,7.8,0.886506936,551.1666667,0.455833333,0,,2024/4/10 23:00,
24,8.45,0.896603774,539.8333333,0.35,0,,2024/4/11 0:00,
25,8.25,0.902215432,557.1666667,0.4325,0,,2024/4/11 1:00,
26,8.8,0.905965325,535.3333333,0.406666667,0,,2024/4/11 2:00,
27,9.366666667,0.9093356,528.3333333,0.3275,0,,2024/4/11 3:00,
28,8.7,0.898563601,552,0.370833333,0,,2024/4/11 4:00,
29,8.516666667,0.918168168,545.1666667,0.369166667,17.41666667,,2024/4/11 5:00,
30,10.40833333,0.908802538,491.6666667,0.419166667,220.7916667,,2024/4/11 6:00,
31,12.94166667,0.782244556,478,1.1075,625.3333333,,2024/4/11 7:00,
32,14.325,0.704619787,480,1.259166667,898.8583333,,2024/4/11 8:00,
33,14.15,0.682629786,463.1666667,1.830833333,729.4,,2024/4/11 9:00,
34,15.61666667,0.665317266,457.8333333,1.996666667,1453.033333,,2024/4/11 10:00,
35,16.65,0.626340777,450,2.783333333,1714.775,,2024/4/11 11:00,
36,17.21666667,0.59398624,450.1666667,2.900833333,1829.1,,2024/4/11 12:00,
37,16.81666667,0.58616188,453.1666667,2.7575,1251.583333,,2024/4/11 13:00,
38,17.075,0.604609321,457.1666667,2.736666667,1317.791667,,2024/4/11 14:00,
39,16.74166667,0.597882209,457.1666667,2.995833333,963.1333333,,2024/4/11 15:00,
40,16.05,0.613310175,465.8333333,2.42,401.3666667,,2024/4/11 16:00,
41,15.29166667,0.665069478,473.6666667,1.985,137.4083333,,2024/4/11 17:00,
42,14.75,0.694739982,479.3333333,1.4625,13.96666667,,2024/4/11 18:00,
43,13.94166667,0.740919083,491.3333333,0.805833333,0,,2024/4/11 19:00,
44,12.75,0.815652567,515,0.488333333,0,,2024/4/11 20:00,
45,11.93333333,0.873402604,551.6666667,0.328333333,0,,2024/4/11 21:00,
46,11.83333333,0.885119692,552.5,0.380833333,0,,2024/4/11 22:00,
47,11.51666667,0.895564566,527,0.459166667,0,,2024/4/11 23:00,
48,11.66666667,0.879693766,509.3333333,0.571666667,0,,2024/4/12 0:00,
49,10.575,0.906560376,554.6666667,0.41,0,,2024/4/12 1:00,
50,10.33333333,0.919012215,551,0.374166667,0,,2024/4/12 2:00,
51,10.525,0.906958459,537,0.353333333,0,,2024/4/12 3:00,
52,10.36666667,0.91918389,560.3333333,0.3075,0,,2024/4/12 4:00,
53,9.2,0.931202523,594.6666667,0.293333333,11.3,,2024/4/12 5:00,
54,10.15,0.933440904,553,0.246666667,100.8416667,,2024/4/12 6:00,
55,12.91666667,0.867804552,484.3333333,0.429166667,525.7166667,,2024/4/12 7:00,
56,16.43333333,0.694323144,463.8333333,1.600833333,1149.575,,2024/4/12 8:00,
57,17.95,0.612984276,463.5,1.145833333,1479.65,,2024/4/12 9:00,
58,18.99166667,0.565695646,464.6666667,1.186666667,1899.808333,,2024/4/12 10:00,
59,19.66666667,0.56402972,462.1666667,1.290833333,1958.266667,,2024/4/12 11:00,
60,19.79166667,0.572800809,464,1.629166667,1625.491667,,2024/4/12 12:00,
61,19.85,0.553835074,458.3333333,1.725833333,1527.866667,,2024/4/12 13:00,
62,20.2,0.546925566,455.5,1.134166667,1284.183333,,2024/4/12 14:00,
63,21.13333333,0.515302728,458,0.990833333,1065.8,,2024/4/12 15:00,
64,19.43333333,0.559549238,467,2.104166667,715.3583333,,2024/4/12 16:00,
65,17.5,0.616154873,475.3333333,1.535,295.65,,2024/4/12 17:00,
66,15.26666667,0.721715766,493,0.7625,20.225,,2024/4/12 18:00,
67,13.675,0.792710221,513.5,0.466666667,0,,2024/4/12 19:00,
68,12.49166667,0.851286174,535.1666667,0.3475,0,,2024/4/12 20:00,
69,10.66666667,0.899337576,575.8333333,0.330833333,0,,2024/4/12 21:00,
70,10.26666667,0.917923395,558.5,0.4975,0,,2024/4/12 22:00,
71,10.75833333,0.884724369,519.5,0.506666667,0,,2024/4/12 23:00,
72,9.925,0.909276944,568.3333333,0.264166667,0,,2024/4/13 0:00,
73,8.7,0.931760866,619.5,0.441666667,0,,2024/4/13 1:00,
74,8.108333333,0.94441013,574.5,0.393333333,0,,2024/4/13 2:00,
75,8.108333333,0.935185185,561.3333333,0.403333333,0,,2024/4/13 3:00,
76,7.508333333,0.948586118,566.8333333,0.389166667,0,,2024/4/13 4:00,
77,7.7,0.93659851,573.6666667,0.316666667,25.15,,2024/4/13 5:00,
78,9.941666667,0.973480212,507.8333333,0.244166667,181.0333333,,2024/4/13 6:00,
79,13.1,0.925521351,485.6666667,0.32,512.45,,2024/4/13 7:00,
80,17.04166667,0.733527547,481.6666667,0.661666667,1091.758333,,2024/4/13 8:00,
81,18.6,0.678109917,481.1666667,1.201666667,1397.691667,,2024/4/13 9:00,
82,19.43333333,0.638687749,480.1666667,1.73,1812.841667,,2024/4/13 10:00,
83,20.06666667,0.598763238,468.8333333,1.621666667,1680.625,,2024/4/13 11:00,
84,20.09166667,0.589216034,471.3333333,1.545,1122.316667,,2024/4/13 12:00,
85,20.85833333,0.581329178,470.3333333,1.895,1619.275,,2024/4/13 13:00,
86,21.075,0.606010017,473.5,2.41,1555.833333,,2024/4/13 14:00,
87,20.25833333,0.654410217,467.5,2.079166667,1078.75,,2024/4/13 15:00,
88,19.54166667,0.737787883,465.3333333,1.740833333,614.7583333,,2024/4/13 16:00,
89,19.00833333,0.748045837,471.1666667,1.1475,229.3666667,,2024/4/13 17:00,
90,17.06666667,0.799263825,484.1666667,1.4275,26.51666667,,2024/4/13 18:00,
91,15.2,0.844066815,496.3333333,0.83,0,,2024/4/13 19:00,
92,13.125,0.879205736,547.8333333,0.4075,0,,2024/4/13 20:00,
93,12.075,0.906674542,569.1666667,0.435833333,0,,2024/4/13 21:00,
94,12.975,0.917959594,521.1666667,0.419166667,0,,2024/4/13 22:00,
95,14.10833333,0.929577465,511,0.451666667,0,,2024/4/13 23:00,
96,14.65833333,0.922007799,508.8333333,0.389166667,0,,2024/4/14 0:00,
97,14.925,0.897206374,515.1666667,0.431666667,0,,2024/4/14 1:00,
98,15.11666667,0.886937112,509.8333333,0.684166667,0,,2024/4/14 2:00,
99,15.09166667,0.886120304,514.5,0.475,0,,2024/4/14 3:00,
100,14.94166667,0.895128884,534.8333333,0.261666667,0,,2024/4/14 4:00,
101,15.15833333,0.87863843,522.8333333,0.256666667,9.108333333,,2024/4/14 5:00,
102,15.34166667,0.896700143,536.6666667,0.179166667,138.1333333,,2024/4/14 6:00,
103,17.08333333,0.854061457,491,0.49,497.0416667,,2024/4/14 7:00,
104,18.75833333,0.789903032,492.1666667,1.066666667,1210.708333,,2024/4/14 8:00,
105,19.75,0.72276511,485.5,1.2375,1430.25,,2024/4/14 9:00,
106,20.63333333,0.691315681,482.5,1.331666667,1753.591667,,2024/4/14 10:00,
107,20.93333333,0.709920582,474,1.93,1955.525,,2024/4/14 11:00,
108,21.2,0.690707994,472.5,1.949166667,1941.958333,,2024/4/14 12:00,
109,21.45,0.668666841,471.6666667,1.8175,1809.4,,2024/4/14 13:00,
110,21.075,0.657232494,465.1666667,2.246666667,1560.658333,,2024/4/14 14:00,
111,20.925,0.675342189,466.6666667,2.004166667,1170.566667,,2024/4/14 15:00,
112,20.3,0.703802255,466.5,1.8825,718.4583333,,2024/4/14 16:00,
113,18.88333333,0.749885444,474.3333333,1.196666667,264.625,,2024/4/14 17:00,
114,16.76666667,0.806215084,495.8333333,0.888333333,16.60833333,,2024/4/14 18:00,
115,15.25,0.867116033,505.6666667,0.610833333,0,,2024/4/14 19:00,
116,13.775,0.903113088,539,0.426666667,0,,2024/4/14 20:00,
117,13.16666667,0.921771706,536,0.305833333,0,,2024/4/14 21:00,
118,12.54166667,0.92939961,561.5,0.454166667,0,,2024/4/14 22:00,
119,13.24166667,0.936965578,517.8333333,0.600833333,0,,2024/4/14 23:00,
120,12.13333333,0.952358546,563.1666667,0.355833333,0,,2024/4/15 0:00,
121,11.60833333,0.93724869,575.1666667,0.345833333,0,,2024/4/15 1:00,
122,11.44166667,0.948218469,545.8333333,0.371666667,0,,2024/4/15 2:00,
123,11.43333333,0.946329426,543.6666667,0.291666667,0,,2024/4/15 3:00,
124,12.61666667,0.937178755,511,0.565833333,0,,2024/4/15 4:00,
125,12.99166667,0.954292085,511.6666667,0.379166667,26.475,,2024/4/15 5:00,
126,14.125,0.968459152,501.6666667,0.584166667,173.4583333,,2024/4/15 6:00,
127,16.15,0.940984202,490.1666667,0.621666667,655.4666667,,2024/4/15 7:00,
128,17.61666667,0.831013917,490.8333333,1.128333333,865.1,,2024/4/15 8:00,
129,18.68333333,0.75751472,481.6666667,1.21,1222.758333,,2024/4/15 9:00,
130,19.6,0.71211457,467.1666667,1.904166667,1603.35,,2024/4/15 10:00,
131,20,0.69344835,464,2.17,1458.425,,2024/4/15 11:00,
132,20.05,0.729498861,466.6666667,2.264166667,1460.208333,,2024/4/15 12:00,
133,20.03333333,0.736748488,465.6666667,2.7725,1325,,2024/4/15 13:00,
134,19.575,0.740041008,469.6666667,2.785,948.9416667,,2024/4/15 14:00,
135,18.975,0.778942571,471.6666667,2.4375,579.1916667,,2024/4/15 15:00,
136,18.95,0.775165487,479,2.269166667,404.4833333,,2024/4/15 16:00,
137,17.94166667,0.798978682,480.8333333,2.206666667,138.1833333,,2024/4/15 17:00,
138,16.975,0.794431994,490.3333333,1.231666667,18.28333333,,2024/4/15 18:00,
139,15.80833333,0.827650283,496.5,0.919166667,0,,2024/4/15 19:00,
140,15.525,0.861518102,499.6666667,0.933333333,0,,2024/4/15 20:00,
141,15.35833333,0.88144182,502.1666667,0.7125,0,,2024/4/15 21:00,
142,15.25833333,0.895703163,502.1666667,0.895,0,,2024/4/15 22:00,
143,15.33333333,0.89999043,499.3333333,1.0075,0,,2024/4/15 23:00,
144,15.56666667,0.870283019,492.5,1.055,0,,2024/4/16 0:00,
145,15.8,0.867870103,489.5,1.204166667,0,,2024/4/16 1:00,
146,15.95,0.865586448,486.6666667,1.375833333,0,,2024/4/16 2:00,
147,15.95,0.852182722,487.8333333,1.423333333,0,,2024/4/16 3:00,
148,15.69166667,0.857196367,493.8333333,0.8675,0,,2024/4/16 4:00,
149,15.63333333,0.8684705,497.6666667,0.95,9.466666667,,2024/4/16 5:00,
150,15.81666667,0.886384715,496.5,1.105,51.875,,2024/4/16 6:00,
151,16.21666667,0.885952209,494.8333333,1.2,156.9666667,,2024/4/16 7:00,
152,15.86666667,0.910813309,499.1666667,1.098333333,118.2916667,,2024/4/16 8:00,
153,16.45,0.926890157,486.8333333,1.5,347.9583333,,2024/4/16 9:00,
154,17.53333333,0.885664394,475.6666667,2.054166667,399.7333333,,2024/4/16 10:00,
155,17.44166667,0.853027385,477.6666667,2.453333333,243.4833333,,2024/4/16 11:00,
156,17.80833333,0.858567691,476.5,2.806666667,499.3,,2024/4/16 12:00,
157,18.5,0.799859,472.1666667,2.4475,395.0416667,,2024/4/16 13:00,
158,18.15,0.790299344,474.8333333,2.315,287.725,,2024/4/16 14:00,
159,17.90833333,0.822735404,474.6666667,2.055833333,234.1,,2024/4/16 15:00,
160,17.51666667,0.836988243,482.6666667,1.76,99.975,,2024/4/16 16:00,
161,17.18333333,0.856632349,488.1666667,1.805833333,56.61666667,,2024/4/16 17:00,
162,16.79166667,0.865689866,492.3333333,1.4275,9.966666667,,2024/4/16 18:00,
163,16.54166667,0.860877271,493.1666667,1.3375,0,,2024/4/16 19:00,
164,16.48333333,0.873277012,493.6666667,1.759166667,0,,2024/4/16 20:00,
165,16.68333333,0.857230715,493.1666667,1.5475,0,,2024/4/16 21:00,
166,16.1,0.900082124,499.5,1.2025,0,,2024/4/16 22:00,
167,15.35,0.946915352,515,0.469166667,0,,2024/4/16 23:00,
168,14.95,0.950990002,510.8333333,0.584166667,0,,2024/4/17 0:00,
169,14.925,0.955773956,510.8333333,0.454166667,0,,2024/4/17 1:00,
170,14.49166667,0.963614312,540.5,0.306666667,0,,2024/4/17 2:00,
171,14.14166667,0.964796024,599,0.22,0,,2024/4/17 3:00,
172,14.475,0.963595915,549.1666667,0.325,0,,2024/4/17 4:00,
173,14.45833333,0.972160356,544.6666667,0.269166667,11.025,,2024/4/17 5:00,
174,14.99166667,0.990201842,516.1666667,0.31,140.95,,2024/4/17 6:00,
175,16.76666667,0.986029861,488.6666667,0.650833333,616.9166667,,2024/4/17 7:00,
176,19.41666667,0.844442802,468,0.646666667,1171.808333,,2024/4/17 8:00,
177,20.91666667,0.705981409,453,1.031666667,1580.15,,2024/4/17 9:00,
178,21.8,0.607767983,451.1666667,1.158333333,1880.241667,,2024/4/17 10:00,
179,22.3,0.552460539,448.6666667,1.508333333,2042.408333,,2024/4/17 11:00,
180,22.68333333,0.481559855,449,1.721666667,1987.25,,2024/4/17 12:00,
181,22.5,0.447811448,447,1.795,1771.966667,,2024/4/17 13:00,
182,22.36666667,0.43597655,445,1.434166667,1416.241667,,2024/4/17 14:00,
183,21.76666667,0.427593268,448.1666667,1.58,988.6083333,,2024/4/17 15:00,
184,20.525,0.453033336,450,0.954166667,457.7583333,,2024/4/17 16:00,
185,19.25,0.481072202,462.6666667,0.848333333,158.0833333,,2024/4/17 17:00,
186,17.1,0.544677943,481.3333333,0.875,12.975,,2024/4/17 18:00,
187,15.21666667,0.652148776,496,0.659166667,0,,2024/4/17 19:00,
188,15.79166667,0.567821001,492.1666667,0.7725,0,,2024/4/17 20:00,
189,13.74166667,0.69672912,546,0.485833333,0,,2024/4/17 21:00,
190,12.01666667,0.832857483,596.8333333,0.390833333,0,,2024/4/17 22:00,
191,11.46666667,0.859128937,589.8333333,0.4175,0,,2024/4/17 23:00,
192,11.3,0.854991287,564,0.3975,0,,2024/4/18 0:00,
193,10.96666667,0.862647844,569,0.29,0,,2024/4/18 1:00,
194,10.75,0.846213492,566.1666667,0.35,0,,2024/4/18 2:00,
195,10.21666667,0.868861234,583.6666667,0.340833333,0,,2024/4/18 3:00,
196,10.25833333,0.863150868,584.6666667,0.3925,0,,2024/4/18 4:00,
197,10.01666667,0.880065049,591,0.328333333,18.625,,2024/4/18 5:00,
198,10.86666667,0.887863642,516.5,0.2875,154.0416667,,2024/4/18 6:00,
199,13.4,0.781972014,486.5,0.405833333,272.65,,2024/4/18 7:00,
200,15.36666667,0.750119218,470.8333333,0.469166667,454.3916667,,2024/4/18 8:00,
201,17.29166667,0.668468621,457.1666667,0.54,569.0833333,,2024/4/18 9:00,
202,17.95833333,0.658704453,467.6666667,0.66,538.6833333,,2024/4/18 10:00,
203,18.56666667,0.694251618,478.6666667,0.751666667,649.3333333,,2024/4/18 11:00,
204,19.2,0.673579397,476.8333333,0.77,893.6166667,,2024/4/18 12:00,
205,19.74166667,0.642934822,471.8333333,1.036666667,848.725,,2024/4/18 13:00,
206,19.51666667,0.628840218,468.3333333,0.909166667,593.6333333,,2024/4/18 14:00,
207,19.69166667,0.630855397,463.1666667,0.779166667,576.55,,2024/4/18 15:00,
208,19.375,0.626815891,467.3333333,0.915,264.4666667,,2024/4/18 16:00,
209,18.05833333,0.676652976,472.5,0.836666667,113.0166667,,2024/4/18 17:00,
210,16.26666667,0.683098592,488.1666667,0.460833333,14.64166667,,2024/4/18 18:00,
211,15.6,0.585372741,477.5,1.241666667,0,,2024/4/18 19:00,
212,15.48333333,0.522501184,466.8333333,1.83,0,,2024/4/18 20:00,
213,14.36666667,0.560321989,468.1666667,1.485833333,0,,2024/4/18 21:00,
214,12.91666667,0.609488643,474.8333333,0.9725,0,,2024/4/18 22:00,
215,13.06666667,0.636524823,470.6666667,1.045833333,0,,2024/4/18 23:00,
216,11.64166667,0.710929893,484.8333333,0.833333333,0,,2024/4/19 0:00,
217,12.51666667,0.691301354,473.1666667,1.521666667,0,,2024/4/19 1:00,
218,13.05,0.642223208,470.3333333,1.830833333,0,,2024/4/19 2:00,
219,13.35,0.597976281,468.8333333,2.080833333,0,,2024/4/19 3:00,
220,12.85833333,0.604538816,469.8333333,1.89,0,,2024/4/19 4:00,
221,11.5,0.679400565,477.3333333,1.255,35.15,,2024/4/19 5:00,
222,13.18333333,0.660690717,464.3333333,1.179166667,311.4083333,,2024/4/19 6:00,
223,15.16666667,0.596438595,453.5,1.896666667,753.1333333,,2024/4/19 7:00,
224,16.91666667,0.550211919,448.3333333,1.990833333,1181.516667,,2024/4/19 8:00,
225,18.05833333,0.525112685,447.1666667,2.075833333,1561.366667,,2024/4/19 9:00,
226,19.29166667,0.487466428,447.6666667,2.248333333,1861.2,,2024/4/19 10:00,
227,20.20833333,0.453180087,446.5,2.473333333,2038.775,,2024/4/19 11:00,
228,21.075,0.438816316,448.3333333,2.360833333,2037.933333,,2024/4/19 12:00,
229,21.16666667,0.444813168,452.6666667,2.2625,1876.675,,2024/4/19 13:00,
230,21.65,0.421069588,452,2.085,1616.466667,,2024/4/19 14:00,
231,21.06666667,0.381928676,455,2.275833333,1240.925,,2024/4/19 15:00,
232,20.33333333,0.351987703,455,2.013333333,768.3166667,,2024/4/19 16:00,
233,19.31666667,0.33747489,456,1.3725,325.775,,2024/4/19 17:00,
234,15.99166667,0.406026745,471.6666667,0.76,29.25,,2024/4/19 18:00,
235,14.925,0.408823529,476.1666667,0.865833333,0,,2024/4/19 19:00,
236,10.78333333,0.674556213,553.5,0.4475,0,,2024/4/19 20:00,
237,8.958333333,0.772826562,577.5,0.515,0,,2024/4/19 21:00,
238,8.225,0.810107198,570.5,0.44,0,,2024/4/19 22:00,
239,7.95,0.8375,563.3333333,0.380833333,0,,2024/4/19 23:00,
240,8.533333333,0.80500975,544.6666667,0.529166667,0,,2024/4/20 0:00,
241,7.675,0.85698395,557.8333333,0.414166667,0,,2024/4/20 1:00,
242,6.975,0.860902882,562.6666667,0.443333333,0,,2024/4/20 2:00,
243,6.258333333,0.887778362,562.8333333,0.45,0,,2024/4/20 3:00,
244,6.6,0.867226315,537.8333333,0.4475,0,,2024/4/20 4:00,
245,7.525,0.848363286,523.5,0.506666667,37.95833333,,2024/4/20 5:00,
246,10.725,0.823122276,486.3333333,0.404166667,329.675,,2024/4/20 6:00,
247,17.1,0.629676979,482,0.448333333,790.2166667,,2024/4/20 7:00,
248,19.46666667,0.480509911,470.8333333,0.701666667,961.05,,2024/4/20 8:00,
249,20.94166667,0.449112665,464,0.611666667,1107.325,,2024/4/20 9:00,
250,22.625,0.41998178,461,1.036666667,1690.966667,,2024/4/20 10:00,
251,24.1,0.410833333,463.5,0.946666667,1922.941667,,2024/4/20 11:00,
252,23.94166667,0.419354839,461.3333333,0.936666667,946.75,,2024/4/20 12:00,
253,23.70833333,0.389946038,467.1666667,1.52,863.2,,2024/4/20 13:00,
254,25.175,0.329373144,467.6666667,2.160833333,1117.391667,,2024/4/20 14:00,
255,25.30833333,0.344245366,469.3333333,1.823333333,912.925,,2024/4/20 15:00,
256,23.79166667,0.384998022,470.1666667,0.925,320.55,,2024/4/20 16:00,
257,21.55,0.456430191,488.3333333,0.454166667,79.83333333,,2024/4/20 17:00,
258,19.36666667,0.607095245,568.6666667,0.310833333,5.25,,2024/4/20 18:00,
259,18.76666667,0.591860286,554.1666667,0.589166667,0,,2024/4/20 19:00,
260,19.20833333,0.558768587,537.8333333,0.5975,0,,2024/4/20 20:00,
261,17.26666667,0.695905938,564.5,0.470833333,0,,2024/4/20 21:00,
262,18.375,0.549972391,526.6666667,0.559166667,0,,2024/4/20 22:00,
263,18.375,0.511521465,512.1666667,0.4325,0,,2024/4/20 23:00,
264,19.29166667,0.405125531,493,0.5475,0,,2024/4/21 0:00,
265,19.43333333,0.383956271,490.5,0.864166667,0,,2024/4/21 1:00,
266,18.66666667,0.44354215,508,0.51,0,,2024/4/21 2:00,
267,17.59166667,0.522881777,529.3333333,0.516666667,0,,2024/4/21 3:00,
268,18.94166667,0.43440122,486.3333333,1.280833333,0,,2024/4/21 4:00,
269,17.79166667,0.537082515,497.6666667,0.560833333,7.883333333,,2024/4/21 5:00,
270,15.75,0.81728349,491,0.569166667,65.225,,2024/4/21 6:00,
271,15.55833333,0.890421311,481,0.481666667,203.3833333,,2024/4/21 7:00,
272,15.56666667,0.889737065,478.3333333,0.900833333,266.1916667,,2024/4/21 8:00,
273,16.28333333,0.887407674,472.6666667,0.486666667,283.8416667,,2024/4/21 9:00,
274,16.48333333,0.881291126,473.1666667,0.648333333,359.625,,2024/4/21 10:00,
275,16.35833333,0.913932222,467.8333333,0.794166667,326.7166667,,2024/4/21 11:00,
276,16.15,0.916803055,484.5,1.063333333,243.5333333,,2024/4/21 12:00,
277,15.25833333,0.932582105,500.6666667,1.246666667,223.5,,2024/4/21 13:00,
278,14.63333333,0.944906341,508.1666667,1.059166667,159.6916667,,2024/4/21 14:00,
279,14.50833333,0.957605733,503.1666667,1.385,83.275,,2024/4/21 15:00,
280,14.375,0.966429298,507.1666667,1.22,67.1,,2024/4/21 16:00,
281,14.49166667,0.970715945,502.1666667,0.955,27.4,,2024/4/21 17:00,
282,14.59166667,0.973864093,506.8333333,0.855,5.758333333,,2024/4/21 18:00,
283,14.73333333,0.971667164,510.8333333,0.751666667,0,,2024/4/21 19:00,
284,14.89166667,0.97390705,512.6666667,0.87,0,,2024/4/21 20:00,
285,14.96666667,0.975497403,520,0.839166667,0,,2024/4/21 21:00,
286,15.14166667,0.973326867,516.1666667,0.665833333,0,,2024/4/21 22:00,
287,15.30833333,0.971718915,518,0.785,0,,2024/4/21 23:00,
288,15.475,0.968228376,517.5,0.7075,0,,2024/4/22 0:00,
289,15.625,0.968063122,514.3333333,0.500833333,0,,2024/4/22 1:00,
290,15.775,0.972575997,518.3333333,0.383333333,0,,2024/4/22 2:00,
291,15.90833333,0.97464503,535.5,0.2075,0,,2024/4/22 3:00,
292,16.125,0.976331361,533.3333333,0.503333333,0,,2024/4/22 4:00,
293,16.25,0.975620767,526,0.400833333,11.38333333,,2024/4/22 5:00,
294,16.46666667,0.978641986,521.3333333,0.3825,101.3,,2024/4/22 6:00,
295,17.075,0.967429502,501.3333333,0.769166667,311.9916667,,2024/4/22 7:00,
296,17.9,0.921582968,490.6666667,0.954166667,520.475,,2024/4/22 8:00,
297,19,0.883111954,484.5,1.335,774.6,,2024/4/22 9:00,
298,20.55,0.809044533,481.1666667,1.63,1364.408333,,2024/4/22 10:00,
299,20.76666667,0.772077834,479.1666667,1.5775,950.1,,2024/4/22 11:00,
300,21.75833333,0.725366072,475,1.608333333,1249.35,,2024/4/22 12:00,
301,22.00833333,0.671893696,476,1.720833333,1016.216667,,2024/4/22 13:00,
302,21.775,0.655326768,472.8333333,2.1525,1097.358333,,2024/4/22 14:00,
303,21.31666667,0.648350204,473.3333333,2.055833333,703.1333333,,2024/4/22 15:00,
304,20.55,0.66005373,479.3333333,2.261666667,311.5333333,,2024/4/22 16:00,
305,19.55833333,0.651120223,482.3333333,1.965833333,93.58333333,,2024/4/22 17:00,
306,19.21666667,0.680643954,491.1666667,1.120833333,6.741666667,,2024/4/22 18:00,
307,18.675,0.748413067,506.1666667,0.6825,0,,2024/4/22 19:00,
308,18.34166667,0.759908235,497.8333333,1.434166667,0,,2024/4/22 20:00,
309,17.44166667,0.794142259,500.5,1.003333333,0,,2024/4/22 21:00,
310,17.08333333,0.814164597,505.6666667,0.8725,0,,2024/4/22 22:00,
311,16.60833333,0.841171799,508,0.4025,0,,2024/4/22 23:00,
312,16.3,0.878629866,574.3333333,0.194166667,0,,2024/4/23 0:00,
313,16.46666667,0.880231523,534.5,0.2725,0,,2024/4/23 1:00,
314,16.28333333,0.9031706,524,0.246666667,0,,2024/4/23 2:00,
315,15.90833333,0.935406478,556.1666667,0.175833333,0,,2024/4/23 3:00,
316,15.88333333,0.945496536,575.8333333,0.168333333,0,,2024/4/23 4:00,
317,15.95833333,0.952139899,609.6666667,0.115833333,10.5,,2024/4/23 5:00,
318,16.15,0.960930402,556.1666667,0.2975,50.43333333,,2024/4/23 6:00,
319,16.75833333,0.923016359,511.1666667,0.6625,134.8166667,,2024/4/23 7:00,
320,16.81666667,0.85858498,505.3333333,0.685833333,180.0916667,,2024/4/23 8:00,
321,17.38333333,0.837070631,499.1666667,0.794166667,325.575,,2024/4/23 9:00,
322,17.78333333,0.807471735,492.6666667,1.094166667,471.325,,2024/4/23 10:00,
323,18.06666667,0.78325559,492.5,1.07,405.3083333,,2024/4/23 11:00,
324,18.05833333,0.773440644,488.8333333,1.600833333,362.4416667,,2024/4/23 12:00,
325,17.55833333,0.798735862,491.8333333,1.440833333,209.1833333,,2024/4/23 13:00,
326,17.41666667,0.810767814,492.6666667,1.245,166.725,,2024/4/23 14:00,
327,17.24166667,0.834111158,493,0.8,110.025,,2024/4/23 15:00,
328,16.94166667,0.842305366,498.1666667,0.685,58.65,,2024/4/23 16:00,
329,16.89166667,0.898569571,506.5,1.116666667,41.54166667,,2024/4/23 17:00,
330,16.90833333,0.902071237,507.6666667,1.145,6.591666667,,2024/4/23 18:00,
331,16.675,0.916505537,509.3333333,1.035,0,,2024/4/23 19:00,
332,16.58333333,0.926671967,512.3333333,1.539166667,0,,2024/4/23 20:00,
333,16.13333333,0.937221363,510.6666667,1.223333333,0,,2024/4/23 21:00,
334,15.65,0.943251102,511.6666667,1.098333333,0,,2024/4/23 22:00,
335,15.49166667,0.947862357,511.5,1.149166667,0,,2024/4/23 23:00,
336,15.10833333,0.965017977,517.6666667,2.043333333,0,,2024/4/24 0:00,
337,15.1,0.965490425,520,1.990833333,0,,2024/4/24 1:00,
338,14.95833333,0.968615143,526.3333333,2.408333333,0,,2024/4/24 2:00,
339,14.85,0.971332543,525.1666667,1.944166667,0,,2024/4/24 3:00,
340,14.93333333,0.976908716,526.3333333,1.863333333,0,,2024/4/24 4:00,
341,14.975,0.97698335,521.5,1.584166667,4.325,,2024/4/24 5:00,
342,14.90833333,0.982295662,519.8333333,1.376666667,25.13333333,,2024/4/24 6:00,
343,14.81666667,0.990584737,521.1666667,1.855833333,105.0666667,,2024/4/24 7:00,
344,14.68333333,0.989531406,518.5,2.1075,147.225,,2024/4/24 8:00,
345,14.80833333,0.994056464,509.3333333,1.789166667,230.5833333,,2024/4/24 9:00,
346,14.75,0.990055688,510.1666667,1.859166667,263.2166667,,2024/4/24 10:00,
347,14.625,0.987479968,506.3333333,1.453333333,213.8166667,,2024/4/24 11:00,
348,14.83333333,0.991101444,497.5,1.2625,260.825,,2024/4/24 12:00,
349,15.00833333,0.99070541,490.3333333,1.228333333,280.8333333,,2024/4/24 13:00,
350,15.34166667,0.992827085,486.1666667,1.251666667,352.9666667,,2024/4/24 14:00,
351,15.45,0.981469163,486.6666667,1.173333333,193.2583333,,2024/4/24 15:00,
352,15.34166667,0.972256768,491.1666667,1.154166667,73.525,,2024/4/24 16:00,
353,15.2,0.971025691,495,1.178333333,33.86666667,,2024/4/24 17:00,
354,15.24166667,0.969195225,496.1666667,1.336666667,4.8,,2024/4/24 18:00,
355,15.29166667,0.971683624,496.8333333,1.44,0,,2024/4/24 19:00,
356,15.39166667,0.972333524,498.8333333,1.4175,0,,2024/4/24 20:00,
357,15.50833333,0.972498815,501.5,1.12,0,,2024/4/24 21:00,
358,15.69166667,0.968170755,501.6666667,0.750833333,0,,2024/4/24 22:00,
359,15.91666667,0.966334625,504.1666667,0.36,0,,2024/4/24 23:00,
360,15.81666667,0.974487429,512.3333333,0.615833333,0,,2024/4/25 0:00,
361,14.80833333,0.980180359,515,0.573333333,0,,2024/4/25 1:00,
362,13.63333333,0.977017638,522,0.32,0,,2024/4/25 2:00,
363,11.95833333,0.967807321,555.8333333,0.27,0,,2024/4/25 3:00,
364,11.20833333,0.968691296,562.6666667,0.348333333,0,,2024/4/25 4:00,
365,10.78333333,0.967853928,533.8333333,0.275,74.125,,2024/4/25 5:00,
366,13.61666667,0.99946604,479,0.430833333,444.5916667,,2024/4/25 6:00,
367,15.94166667,0.958571166,459.3333333,0.8775,902.9083333,,2024/4/25 7:00,
368,17.96666667,0.78234485,454.8333333,1.5025,1410.975,,2024/4/25 8:00,
369,19.575,0.690155289,454.6666667,1.440833333,1785.8,,2024/4/25 9:00,
370,20.05833333,0.663471778,454,1.406666667,1868.6,,2024/4/25 10:00,
371,19.825,0.65016573,455.1666667,1.19,1554.708333,,2024/4/25 11:00,
372,20.89166667,0.598825832,458.1666667,1.354166667,1987.475,,2024/4/25 12:00,
373,22,0.544995582,459.6666667,1.931666667,1995.308333,,2024/4/25 13:00,
374,22.325,0.533552061,459,1.966666667,1710.6,,2024/4/25 14:00,
375,22.26666667,0.529970216,459.5,1.74,1292.491667,,2024/4/25 15:00,
376,22.01666667,0.523779488,460.3333333,1.088333333,867.1333333,,2024/4/25 16:00,
377,20.55833333,0.526580361,466.1666667,0.8575,386.5666667,,2024/4/25 17:00,
378,17.74166667,0.583811711,482.8333333,0.588333333,34.84166667,,2024/4/25 18:00,
379,14.28333333,0.733360681,527,0.495833333,0,,2024/4/25 19:00,
380,12.59166667,0.79576659,552.6666667,0.411666667,0,,2024/4/25 20:00,
381,11.15,0.855291305,581.6666667,0.363333333,0,,2024/4/25 21:00,
382,11.66666667,0.833576288,574,0.549166667,0,,2024/4/25 22:00,
383,10.78333333,0.858982614,577,0.4925,0,,2024/4/25 23:00,
384,9.433333333,0.889877171,570.8333333,0.470833333,0,,2024/4/26 0:00,
385,8.691666667,0.894611845,562.1666667,0.4225,0,,2024/4/26 1:00,
386,7.641666667,0.920394842,592.5,0.351666667,0,,2024/4/26 2:00,
387,7.125,0.926664469,589.6666667,0.37,0,,2024/4/26 3:00,
388,7.533333333,0.919135308,553.6666667,0.364166667,0.025,,2024/4/26 4:00,
389,7.85,0.937951618,544,0.274166667,59,,2024/4/26 5:00,
390,10.94166667,0.950444727,503.3333333,0.2675,345.0583333,,2024/4/26 6:00,
391,16.54166667,0.742322626,479.5,0.370833333,780.5666667,,2024/4/26 7:00,
392,19.05,0.601134216,472.8333333,0.4025,1021.158333,,2024/4/26 8:00,
393,20.225,0.563076057,472,0.448333333,1010.041667,,2024/4/26 9:00,
394,21.325,0.562158964,475.1666667,0.558333333,1216.841667,,2024/4/26 10:00,
395,21.725,0.62993843,485.8333333,1.235,1163.025,,2024/4/26 11:00,
396,21.08333333,0.709772226,493.3333333,1.47,842.8833333,,2024/4/26 12:00,
397,20.71666667,0.746230984,496.5,1.465,660.2666667,,2024/4/26 13:00,
398,20.675,0.780020527,496.8333333,1.386666667,527.85,,2024/4/26 14:00,
399,20.21666667,0.78733892,498.5,1.0025,318.225,,2024/4/26 15:00,
400,19.75833333,0.816008693,498,0.933333333,301.1666667,,2024/4/26 16:00,
401,19.28333333,0.82694316,506.3333333,0.638333333,90.18333333,,2024/4/26 17:00,
402,18.51666667,0.84547375,526.3333333,0.473333333,8.458333333,,2024/4/26 18:00,
403,18.11666667,0.868473815,535.3333333,0.45,0,,2024/4/26 19:00,
404,17.69166667,0.889254837,539.5,0.369166667,0,,2024/4/26 20:00,
405,17.30833333,0.890754176,545.1666667,0.319166667,0,,2024/4/26 21:00,
406,17.01666667,0.872731963,542.3333333,0.5525,0,,2024/4/26 22:00,
407,17.01666667,0.850829679,522.6666667,0.649166667,0,,2024/4/26 23:00,
408,16.5,0.881756757,533,0.413333333,0,,2024/4/27 0:00,
409,16.19166667,0.898957861,541.5,0.4175,0,,2024/4/27 1:00,
410,15.56666667,0.92920521,570.6666667,0.205833333,0,,2024/4/27 2:00,
411,15.48333333,0.933655578,565.1666667,0.178333333,0,,2024/4/27 3:00,
412,15.29166667,0.948181556,624,0.1625,0,,2024/4/27 4:00,
413,15.31666667,0.952088923,625.6666667,0.195,11.28333333,,2024/4/27 5:00,
414,15.875,0.955625404,569.5,0.1575,85.51666667,,2024/4/27 6:00,
415,16.85,0.944401008,529.8333333,0.28,236.3,,2024/4/27 7:00,
416,17.83333333,0.889768923,502.5,0.425833333,393.975,,2024/4/27 8:00,
417,18.55,0.824287388,489.6666667,0.644166667,582.7083333,,2024/4/27 9:00,
418,19.40833333,0.739467849,479.1666667,0.949166667,751.8666667,,2024/4/27 10:00,
419,20.60833333,0.675855905,472,0.970833333,996.1416667,,2024/4/27 11:00,
420,19.825,0.664407757,476.3333333,1.0225,405.45,,2024/4/27 12:00,
421,18.66666667,0.734537281,474.6666667,0.9025,342.3,,2024/4/27 13:00,
422,17.96666667,0.791295186,474.5,0.575833333,250.9333333,,2024/4/27 14:00,
423,18.43333333,0.764618045,470.6666667,0.344166667,351.2416667,,2024/4/27 15:00,
424,19,0.726603974,472.8333333,0.470833333,215.1083333,,2024/4/27 16:00,
425,18.81666667,0.730840117,476.8333333,0.6825,165.0916667,,2024/4/27 17:00,
426,18.28333333,0.74793257,484,0.56,49.75833333,,2024/4/27 18:00,
427,17.65833333,0.768354117,497.6666667,0.528333333,0,,2024/4/27 19:00,
428,16.35,0.822180417,531.3333333,0.303333333,0,,2024/4/27 20:00,
429,13.95833333,0.897991212,600.3333333,0.208333333,0,,2024/4/27 21:00,
430,13.125,0.921572959,606.8333333,0.219166667,0,,2024/4/27 22:00,
431,12.64166667,0.937898815,605.5,0.2025,0,,2024/4/27 23:00,
432,12.125,0.944595072,601.6666667,0.1675,0,,2024/4/28 0:00,
433,11.69166667,0.95018226,631.3333333,0.191666667,0,,2024/4/28 1:00,
434,11.325,0.95712688,639.5,0.2,0,,2024/4/28 2:00,
435,11.04166667,0.954378406,613.8333333,0.2075,0,,2024/4/28 3:00,
436,10.68333333,0.962376751,630.8333333,0.159166667,0.066666667,,2024/4/28 4:00,
437,10.89166667,0.961676035,625.6666667,0.164166667,66.775,,2024/4/28 5:00,
438,14.64166667,0.997507229,531.1666667,0.1975,403.6166667,,2024/4/28 6:00,
439,18.64166667,0.856070572,501.8333333,0.413333333,836.2333333,,2024/4/28 7:00,
440,20.98333333,0.735288197,493.3333333,0.6525,1282.683333,,2024/4/28 8:00,
441,22.225,0.679646678,493,1.038333333,1666.275,,2024/4/28 9:00,
442,23.86666667,0.633644965,491.5,1.1825,1966.3,,2024/4/28 10:00,
443,24.675,0.636451509,490.5,1.350833333,2143.475,,2024/4/28 11:00,
444,24.775,0.615692127,480.5,1.586666667,1987.75,,2024/4/28 12:00,
445,25.33333333,0.532281353,473.5,1.605833333,1725.966667,,2024/4/28 13:00,
446,25.275,0.514608371,471.8333333,1.46,1382.283333,,2024/4/28 14:00,
447,23.725,0.629555922,475.1666667,1.585833333,1052.933333,,2024/4/28 15:00,
448,22.30833333,0.692602672,478.8333333,1.315,492.7666667,,2024/4/28 16:00,
449,21.3,0.750444459,483,0.9575,306.1666667,,2024/4/28 17:00,
450,19.6,0.788943256,506.6666667,0.583333333,39.2,,2024/4/28 18:00,
451,17.90833333,0.835365854,522.3333333,0.504166667,0,,2024/4/28 19:00,
452,16.675,0.875702741,554.8333333,0.276666667,0,,2024/4/28 20:00,
453,16.93333333,0.877658655,531.8333333,0.506666667,0,,2024/4/28 21:00,
454,16.00833333,0.898623853,554.1666667,0.343333333,0,,2024/4/28 22:00,
455,15.76666667,0.899347623,551.1666667,0.289166667,0,,2024/4/28 23:00,
456,15.49166667,0.910182471,549,0.2975,0,,2024/4/29 0:00,
457,15.38333333,0.912724151,546.5,0.316666667,0,,2024/4/29 1:00,
458,15.575,0.913273002,540,0.318333333,0,,2024/4/29 2:00,
459,13.65,0.938199254,649.1666667,0.195833333,0,,2024/4/29 3:00,
460,12.80833333,0.950969342,694.6666667,0.25,0.066666667,,2024/4/29 4:00,
461,13.05,0.953374778,633.3333333,0.2325,46.475,,2024/4/29 5:00,
462,15.26666667,0.970223802,553.3333333,0.415,230.825,,2024/4/29 6:00,
463,17.13333333,0.94110618,533,0.660833333,325.7,,2024/4/29 7:00,
464,18.03333333,0.912139287,529.8333333,0.6575,352.375,,2024/4/29 8:00,
465,18.99166667,0.885681732,502.8333333,0.8475,682.2,,2024/4/29 9:00,
466,19.775,0.850994575,491.3333333,1.015833333,535.1916667,,2024/4/29 10:00,
467,19.70833333,0.858086527,488.5,1.2575,475.5083333,,2024/4/29 11:00,
468,19.46666667,0.837176748,496.6666667,1.62,351.475,,2024/4/29 12:00,
469,19.3,0.825633383,501.6666667,1.3925,187.6583333,,2024/4/29 13:00,
470,19.125,0.870164082,505.8333333,1.44,118.7583333,,2024/4/29 14:00,
471,18.475,0.930168694,519,1.458333333,82,,2024/4/29 15:00,
472,18.59166667,0.939223936,517.6666667,1.474166667,53.28333333,,2024/4/29 16:00,
473,18.625,0.936374922,519.8333333,1.535833333,17.61666667,,2024/4/29 17:00,
474,18.525,0.939773172,517.3333333,1.365833333,6.125,,2024/4/29 18:00,
475,18.33333333,0.937856238,517.3333333,1.025,0,,2024/4/29 19:00,
476,18.41666667,0.939403478,516.3333333,1.316666667,0,,2024/4/29 20:00,
477,18.10833333,0.943067918,515.3333333,1.1,0,,2024/4/29 21:00,
478,18.025,0.946769901,515.1666667,1.006666667,0,,2024/4/29 22:00,
479,18.08333333,0.953792993,517,1.073333333,0,,2024/4/29 23:00,
480,18.11666667,0.957909084,517.6666667,1.260833333,0,,2024/4/30 0:00,
481,18.09166667,0.961000322,515.8333333,0.9825,0,,2024/4/30 1:00,
482,17.85833333,0.961685824,518.1666667,0.956666667,0,,2024/4/30 2:00,
483,17.66666667,0.967403862,520.1666667,1.116666667,0,,2024/4/30 3:00,
484,17.625,0.968977498,517.3333333,1.206666667,0,,2024/4/30 4:00,
485,17.35,0.975193407,519.5,0.963333333,17.96666667,,2024/4/30 5:00,
486,17.50833333,0.979166667,522.5,0.345,86.76666667,,2024/4/30 6:00,
487,17.925,0.986202419,511.1666667,0.3,127.675,,2024/4/30 7:00,
488,18.03333333,0.988706034,506,0.45,113.725,,2024/4/30 8:00,
489,17.80833333,0.991819372,494.6666667,0.58,207.25,,2024/4/30 9:00,
490,18.16666667,0.994408052,491,1.046666667,626.6833333,,2024/4/30 10:00,
491,18.675,0.979470096,477.6666667,0.841666667,587.4583333,,2024/4/30 11:00,
492,19.26666667,0.968607519,477.5,0.984166667,872.5333333,,2024/4/30 12:00,
493,20.89166667,0.908399003,479.5,0.975,1108.366667,,2024/4/30 13:00,
494,20.325,0.878415205,489.5,0.603333333,208.9833333,,2024/4/30 14:00,
495,20.56666667,0.892554584,480.6666667,0.45,508.075,,2024/4/30 15:00,
496,21.325,0.861293715,479.8333333,0.2775,218.0833333,,2024/4/30 16:00,
497,21.19166667,0.864416893,484.1666667,0.239166667,177.3833333,,2024/4/30 17:00,
498,20.2,0.830448853,497.1666667,0.415,13.59166667,,2024/4/30 18:00,
499,19,0.853388028,522.8333333,0.3075,0,,2024/4/30 19:00,
500,18.8,0.881327291,540.6666667,0.369166667,0,,2024/4/30 20:00,
501,18.75833333,0.869140174,535.5,0.594166667,0,,2024/4/30 21:00,
502,18.14166667,0.879416713,532.8333333,0.363333333,0,,2024/4/30 22:00,
503,18.08333333,0.876508447,546.6666667,0.5775,0,,2024/4/30 23:00,
504,17.71666667,0.883654004,550.1666667,0.316666667,0,,2024/5/1 0:00,
505,17.575,0.886825305,560.6666667,0.364166667,0,,2024/5/1 1:00,
506,17.275,0.895824511,559.5,0.353333333,0,,2024/5/1 2:00,
507,17.15,0.854070661,524.5,0.723333333,0,,2024/5/1 3:00,
508,16.36666667,0.892405631,550.8333333,0.285,0,,2024/5/1 4:00,
509,16.15833333,0.901925173,557.8333333,0.309166667,10.70833333,,2024/5/1 5:00,
510,16.5,0.867567327,527.5,0.490833333,57.775,,2024/5/1 6:00,
511,16.49166667,0.90081836,516.6666667,0.2625,107.125,,2024/5/1 7:00,
512,16.675,0.913785519,495.8333333,0.5825,345.8416667,,2024/5/1 8:00,
513,17.36666667,0.890243902,483.1666667,0.76,534.0416667,,2024/5/1 9:00,
514,17.90833333,0.871492477,478.5,0.706666667,691.0333333,,2024/5/1 10:00,
515,18.01666667,0.847054076,474.8333333,0.640833333,469.4416667,,2024/5/1 11:00,
516,16.95833333,0.857586743,474.3333333,0.539166667,417.1,,2024/5/1 12:00,
517,16.44166667,0.889958122,479.6666667,0.816666667,601.525,,2024/5/1 13:00,
518,16.65833333,0.86941611,473.1666667,0.761666667,481.55,,2024/5/1 14:00,
519,16.35,0.835081115,476.6666667,0.835,313.15,,2024/5/1 15:00,
520,15.65,0.829380332,481.8333333,0.694166667,165.5083333,,2024/5/1 16:00,
521,15.26666667,0.835978836,491.8333333,0.544166667,94.8,,2024/5/1 17:00,
522,14.39166667,0.832672159,494,0.650833333,17.99166667,,2024/5/1 18:00,
523,13.6,0.861677032,512.6666667,0.538333333,0,,2024/5/1 19:00,
524,13.3,0.86833479,526.3333333,0.470833333,0,,2024/5/1 20:00,
525,12.83333333,0.912181941,560.1666667,0.314166667,0,,2024/5/1 21:00,
526,12.84166667,0.86009664,521.8333333,0.354166667,0,,2024/5/1 22:00,
527,12.65833333,0.876993166,536,0.291666667,0,,2024/5/1 23:00,
528,12.53333333,0.846153846,507.3333333,0.501666667,0,,2024/5/2 0:00,
529,12.20833333,0.860426929,512.8333333,0.494166667,0,,2024/5/2 1:00,
530,12.35,0.836646902,530,0.513333333,0,,2024/5/2 2:00,
531,11.13333333,0.865273231,530.1666667,0.415,0,,2024/5/2 3:00,
532,9.808333333,0.874382208,534.6666667,0.57,0.275,,2024/5/2 4:00,
533,8.475,0.920192742,541.5,0.439166667,84.09166667,,2024/5/2 5:00,
534,11.65833333,0.842591467,494.8333333,0.5375,395.3333333,,2024/5/2 6:00,
535,14.65,0.6947137,469,0.7875,881.675,,2024/5/2 7:00,
536,16.1,0.623234624,467.5,0.783333333,1051.208333,,2024/5/2 8:00,
537,17.05,0.631886048,474.5,0.810833333,1342.15,,2024/5/2 9:00,
538,17.63333333,0.627839736,472.5,0.8,1472.091667,,2024/5/2 10:00,
539,18.00833333,0.6205754,474,0.991666667,1459.891667,,2024/5/2 11:00,
540,19.14166667,0.602029312,474.1666667,1.7175,1799.283333,,2024/5/2 12:00,
541,19.80833333,0.58351363,472.3333333,1.66,1975.55,,2024/5/2 13:00,
542,20.09166667,0.585964663,469.6666667,1.838333333,1610.941667,,2024/5/2 14:00,
543,19.6,0.578216374,474.1666667,1.620833333,1349.708333,,2024/5/2 15:00,
544,18.76666667,0.596687211,480,1.471666667,779.6,,2024/5/2 16:00,
545,17.675,0.604286892,487.1666667,1.2775,370.125,,2024/5/2 17:00,
546,16.11666667,0.654905883,504.6666667,0.485833333,55.05,,2024/5/2 18:00,
547,12.89166667,0.834474245,578.6666667,0.269166667,0.008333333,,2024/5/2 19:00,
548,12.41666667,0.856564488,551.5,0.278333333,0,,2024/5/2 20:00,
549,11.225,0.88098221,562.1666667,0.249166667,0,,2024/5/2 21:00,
550,11.75,0.909310762,580.6666667,0.2175,0,,2024/5/2 22:00,
551,11.21666667,0.929260048,585.8333333,0.224166667,0,,2024/5/2 23:00,
552,10.875,0.924378365,569.6666667,0.309166667,0,,2024/5/3 0:00,
553,10.28333333,0.925482369,574.8333333,0.205833333,0,,2024/5/3 1:00,
554,10.34166667,0.924393156,536.3333333,0.265833333,0,,2024/5/3 2:00,
555,10.11666667,0.93661497,555.8333333,0.220833333,0,,2024/5/3 3:00,
556,9.8,0.934725849,567.1666667,0.271666667,0.325,,2024/5/3 4:00,
557,10.09166667,0.956164014,534.1666667,0.181666667,69.19166667,,2024/5/3 5:00,
558,13.69166667,0.949660873,500,0.32,462.1333333,,2024/5/3 6:00,
559,17.13333333,0.787651373,495.1666667,0.843333333,844.15,,2024/5/3 7:00,
560,18.84166667,0.706287815,495.3333333,0.905833333,1245.091667,,2024/5/3 8:00,
561,19.85,0.651388689,494.1666667,1.064166667,1698.141667,,2024/5/3 9:00,
562,19.65833333,0.663195456,488,0.794166667,1420.566667,,2024/5/3 10:00,
563,21.00833333,0.646305485,492.8333333,1.2275,2016.533333,,2024/5/3 11:00,
564,21.74166667,0.60582773,485,1.4475,2166.1,,2024/5/3 12:00,
565,22.175,0.594864747,480,1.4525,1989.733333,,2024/5/3 13:00,
566,21.89166667,0.609131898,478.3333333,1.705,1710.875,,2024/5/3 14:00,
567,21.76666667,0.599667455,479.1666667,1.444166667,1320.616667,,2024/5/3 15:00,
568,21.50833333,0.595437707,484,1.309166667,866,,2024/5/3 16:00,
569,20.63333333,0.587014588,487.1666667,1.110833333,400.225,,2024/5/3 17:00,
570,18.81666667,0.628295524,503.3333333,0.570833333,57.23333333,,2024/5/3 18:00,
571,14.69166667,0.820895522,598.3333333,0.231666667,0.008333333,,2024/5/3 19:00,
572,13.23333333,0.877125617,577.1666667,0.239166667,0,,2024/5/3 20:00,
573,12.51666667,0.90058614,570.1666667,0.2075,0,,2024/5/3 21:00,
574,12.15,0.90168374,567.5,0.258333333,0,,2024/5/3 22:00,
575,11.38333333,0.921962096,613.8333333,0.249166667,0,,2024/5/3 23:00,
576,10.68333333,0.9363719,619.5,0.276666667,0,,2024/5/4 0:00,
577,11.025,0.921429477,578.6666667,0.276666667,0,,2024/5/4 1:00,
578,10.99166667,0.947916667,556.5,0.2475,0,,2024/5/4 2:00,
579,9.95,0.952997275,594.5,0.221666667,0,,2024/5/4 3:00,
580,9.058333333,0.961644232,620.3333333,0.175833333,0.366666667,,2024/5/4 4:00,
581,9.383333333,0.958268496,603.8333333,0.183333333,91.61666667,,2024/5/4 5:00,
582,13.675,0.984602315,526.1666667,0.226666667,441.2083333,,2024/5/4 6:00,
583,18.06666667,0.774079434,489.6666667,0.435,875.9666667,,2024/5/4 7:00,
584,20.275,0.670341244,496.1666667,0.805833333,1312.425,,2024/5/4 8:00,
585,21.49166667,0.619664237,501.5,1.155,1687.7,,2024/5/4 9:00,
586,22.23333333,0.612060926,502.5,1.2675,1994.475,,2024/5/4 10:00,
587,23.19166667,0.566034412,501.8333333,1.120833333,2148.816667,,2024/5/4 11:00,
588,24.29166667,0.539014881,496.3333333,1.063333333,2150.433333,,2024/5/4 12:00,
589,24.44166667,0.524574103,484.1666667,1.5375,1975.758333,,2024/5/4 13:00,
590,23.96666667,0.529210777,484.1666667,1.728333333,1686.991667,,2024/5/4 14:00,
591,23.4,0.517101449,482.6666667,1.741666667,1298.216667,,2024/5/4 15:00,
592,22.45833333,0.5833589,490.6666667,1.146666667,843.975,,2024/5/4 16:00,
593,21.25833333,0.63410607,500.3333333,0.8925,376.5416667,,2024/5/4 17:00,
594,18.61666667,0.72530457,522.1666667,0.755,53.03333333,,2024/5/4 18:00,
595,15.9,0.804464121,565,0.376666667,0.016666667,,2024/5/4 19:00,
596,13.84166667,0.881203801,618.3333333,0.313333333,0,,2024/5/4 20:00,
597,12.74166667,0.913334089,631.1666667,0.216666667,0,,2024/5/4 21:00,
598,13.09166667,0.906516208,601.8333333,0.253333333,0,,2024/5/4 22:00,
599,13.575,0.919605531,580.8333333,0.213333333,0,,2024/5/4 23:00,
600,15.04166667,0.922004485,544.5,0.428333333,0,,2024/5/5 0:00,
601,13.85,0.918913227,556.1666667,0.370833333,0,,2024/5/5 1:00,
602,13.29166667,0.912127497,557.3333333,0.271666667,0,,2024/5/5 2:00,
603,11.225,0.934902354,647,0.215833333,0,,2024/5/5 3:00,
604,10.85833333,0.939681725,622.5,0.211666667,0.441666667,,2024/5/5 4:00,
605,11.69166667,0.942424242,598,0.205,75.26666667,,2024/5/5 5:00,
606,15.35,0.962796909,518.8333333,0.418333333,331.45,,2024/5/5 6:00,
607,17.1,0.882182191,534.3333333,0.713333333,567.8916667,,2024/5/5 7:00,
608,19.48333333,0.782208815,527.8333333,0.93,1237.366667,,2024/5/5 8:00,
609,20.91666667,0.70051206,507.3333333,1.090833333,1632.075,,2024/5/5 9:00,
610,21.64166667,0.64843246,493.3333333,1.3975,2041.516667,,2024/5/5 10:00,
611,22.175,0.643146796,489.6666667,1.376666667,2194.116667,,2024/5/5 11:00,
612,22.775,0.659788232,486.1666667,1.634166667,2175.883333,,2024/5/5 12:00,
613,22.725,0.661999034,483.6666667,2.126666667,1996.183333,,2024/5/5 13:00,
614,22.875,0.67588436,481.6666667,2.225,1745.033333,,2024/5/5 14:00,
615,22.575,0.686623582,484.6666667,2.110833333,1378.9,,2024/5/5 15:00,
616,21.625,0.700774693,485.3333333,2.13,909.4916667,,2024/5/5 16:00,
617,20.44166667,0.734286111,492.5,1.531666667,393.175,,2024/5/5 17:00,
618,18.53333333,0.771254587,505.3333333,1.225,30.99166667,,2024/5/5 18:00,
619,17.96666667,0.768477293,510.1666667,1.1525,0.016666667,,2024/5/5 19:00,
620,17.30833333,0.808618504,518.5,0.943333333,0,,2024/5/5 20:00,
621,17.28333333,0.823554242,521.3333333,0.928333333,0,,2024/5/5 21:00,
622,16.975,0.856403622,523.8333333,0.831666667,0,,2024/5/5 22:00,
623,17.03333333,0.884810453,523.5,0.865,0,,2024/5/5 23:00,
624,17.11666667,0.904330742,525,0.759166667,0,,2024/5/6 0:00,
625,17.49166667,0.912390488,526.1666667,0.864166667,0,,2024/5/6 1:00,
626,17.28333333,0.91715276,526.3333333,0.873333333,0,,2024/5/6 2:00,
627,17.59166667,0.895980108,519.6666667,1.293333333,0,,2024/5/6 3:00,
628,17.76666667,0.885274113,518.3333333,1.4875,0.325,,2024/5/6 4:00,
629,17.95,0.882853668,516.6666667,1.664166667,47.05833333,,2024/5/6 5:00,
630,18.25,0.886191803,515,1.543333333,96.64166667,,2024/5/6 6:00,
631,18.6,0.874270144,511.6666667,1.875,192.4,,2024/5/6 7:00,
632,19.25833333,0.861775254,505.6666667,2.496666667,418.175,,2024/5/6 8:00,
633,19.35833333,0.854271729,505.3333333,2.73,405.0583333,,2024/5/6 9:00,
634,19.60833333,0.847743537,505.5,2.715,445.6166667,,2024/5/6 10:00,
635,19.54166667,0.846317488,508.5,2.34,287.425,,2024/5/6 11:00,
636,19.49166667,0.849109377,508.1666667,2.446666667,373.975,,2024/5/6 12:00,
637,19.74166667,0.8532396,506.6666667,2.584166667,585.575,,2024/5/6 13:00,
638,19.80833333,0.837615473,506.6666667,2.349166667,413.1916667,,2024/5/6 14:00,
639,19.70833333,0.831701124,507.5,2.394166667,262.6666667,,2024/5/6 15:00,
640,19.175,0.848757787,516.5,2.020833333,113.0916667,,2024/5/6 16:00,
641,18.51666667,0.899491592,530.3333333,1.914166667,64.25833333,,2024/5/6 17:00,
642,18.38333333,0.904438477,533.6666667,1.79,9.675,,2024/5/6 18:00,
643,18.44166667,0.897373388,532.3333333,1.686666667,0,,2024/5/6 19:00,
644,18.33333333,0.910601266,534.3333333,1.375,0,,2024/5/6 20:00,
645,18.19166667,0.929369513,538,1.266666667,0,,2024/5/6 21:00,
646,18.11666667,0.935825445,540.1666667,1.570833333,0,,2024/5/6 22:00,
647,18.05,0.943580237,540.3333333,1.423333333,0,,2024/5/6 23:00,
648,17.925,0.952899139,543,1.373333333,0,,2024/5/7 0:00,
649,17.90833333,0.958536585,544.3333333,1.670833333,0,,2024/5/7 1:00,
650,17.925,0.963468095,544,1.695833333,0,,2024/5/7 2:00,
651,17.96666667,0.971653033,548,1.966666667,0,,2024/5/7 3:00,
652,18.13333333,0.974361029,564,2.226666667,0.058333333,,2024/5/7 4:00,
653,18.275,0.978958234,559,2.064166667,5.883333333,,2024/5/7 5:00,
654,18.45833333,0.980755636,549.3333333,1.516666667,32.94166667,,2024/5/7 6:00,
655,18.54166667,0.98945889,544.3333333,1.664166667,108.3166667,,2024/5/7 7:00,
656,18.66666667,0.986436211,537.8333333,1.295833333,147.575,,2024/5/7 8:00,
657,19.05,0.999245397,529.3333333,1.6475,584.2333333,,2024/5/7 9:00,
658,19.95833333,0.995718873,521.6666667,1.221666667,800.05,,2024/5/7 10:00,
659,21.58333333,0.921142783,509,2.048333333,1218.475,,2024/5/7 11:00,
660,22.14166667,0.847082369,511,1.935833333,992,,2024/5/7 12:00,
661,22.30833333,0.789307592,506.5,1.523333333,866.1916667,,2024/5/7 13:00,
662,21.85833333,0.765023847,507,1.741666667,760.8083333,,2024/5/7 14:00,
663,21.51666667,0.752941941,507.3333333,1.688333333,647.8583333,,2024/5/7 15:00,
664,21.25,0.741675476,502.6666667,0.9975,462.4583333,,2024/5/7 16:00,
665,20.15,0.727773462,502.3333333,0.6075,156.375,,2024/5/7 17:00,
666,18.43333333,0.721763735,510.3333333,0.550833333,26.74166667,,2024/5/7 18:00,
667,17.40833333,0.725763167,524.5,0.4675,0,,2024/5/7 19:00,
668,16.08333333,0.796225383,566.3333333,0.245,0,,2024/5/7 20:00,
669,15.61666667,0.863148984,602.8333333,0.361666667,0,,2024/5/7 21:00,
670,15.70833333,0.831576001,557.8333333,0.505,0,,2024/5/7 22:00,
671,15.29166667,0.838787065,556.5,0.380833333,0,,2024/5/7 23:00,
672,14.44166667,0.884463363,587.8333333,0.325,0,,2024/5/8 0:00,
673,13.86666667,0.90162037,596.6666667,0.364166667,0,,2024/5/8 1:00,
674,14.20833333,0.86940874,547.6666667,0.454166667,0,,2024/5/8 2:00,
675,13.95,0.880827932,553,0.35,0,,2024/5/8 3:00,
676,14.30833333,0.831765187,531,0.670833333,0.35,,2024/5/8 4:00,
677,14.69166667,0.789777822,506.1666667,0.745,58.225,,2024/5/8 5:00,
678,15.61666667,0.765837635,493,0.641666667,394.7833333,,2024/5/8 6:00,
679,18.19166667,0.685853425,480.5,1.089166667,1003.008333,,2024/5/8 7:00,
680,18.425,0.65670468,477.1666667,1.610833333,999.4916667,,2024/5/8 8:00,
681,17.825,0.655848933,475.8333333,1.180833333,641.5166667,,2024/5/8 9:00,
682,18.95833333,0.626871343,472.8333333,1.559166667,1573.625,,2024/5/8 10:00,
683,19.975,0.600343176,472.5,1.505,1891.45,,2024/5/8 11:00,
684,19.6,0.59810011,471.1666667,1.475833333,1668.391667,,2024/5/8 12:00,
685,19.34166667,0.578501338,472.1666667,2.106666667,1656.141667,,2024/5/8 13:00,
686,19.05,0.592755048,472.1666667,2.483333333,1803.75,,2024/5/8 14:00,
687,17.95,0.61123723,473.6666667,2.535833333,1365.333333,,2024/5/8 15:00,
688,17.025,0.621368403,475.1666667,1.82,946.3416667,,2024/5/8 16:00,
689,15.50833333,0.611421008,478.3333333,1.654166667,463.6833333,,2024/5/8 17:00,
690,13.35833333,0.64946658,485.1666667,1.725,57.275,,2024/5/8 18:00,
691,12.05833333,0.692243833,489.1666667,1.1425,0.075,,2024/5/8 19:00,
692,11.925,0.637655205,486.6666667,1.641666667,0,,2024/5/8 20:00,
693,11.49166667,0.653562654,486.6666667,1.42,0,,2024/5/8 21:00,
694,10.825,0.701722808,490.5,1.091666667,0,,2024/5/8 22:00,
695,10.49166667,0.702983309,488.3333333,0.956666667,0,,2024/5/8 23:00,
696,9.541666667,0.741596639,493.8333333,0.623333333,0,,2024/5/9 0:00,
697,8.341666667,0.782707795,515.1666667,0.38,0,,2024/5/9 1:00,
698,8.591666667,0.771743995,497.1666667,0.628333333,0,,2024/5/9 2:00,
699,9.825,0.733626253,492.1666667,0.953333333,0,,2024/5/9 3:00,
700,10.675,0.695945946,489.8333333,1.1175,0.383333333,,2024/5/9 4:00,
701,10.83333333,0.688423487,488,0.885,42.9,,2024/5/9 5:00,
702,11.45833333,0.686692109,482.6666667,0.863333333,188.3833333,,2024/5/9 6:00,
703,13.125,0.651329582,474.8333333,1.575833333,620.85,,2024/5/9 7:00,
704,14.55,0.617359782,471.6666667,1.783333333,1021.258333,,2024/5/9 8:00,
705,16.475,0.579484902,469,2.055833333,1793.525,,2024/5/9 9:00,
706,16.75833333,0.556099266,469.3333333,2.258333333,2079.325,,2024/5/9 10:00,
707,17.2,0.536038713,471.1666667,2.22,2188.958333,,2024/5/9 11:00,
708,17.65,0.504791013,469.5,2.1,2213.833333,,2024/5/9 12:00,
709,17.96666667,0.493070751,470,2.418333333,2041.058333,,2024/5/9 13:00,
710,17.98333333,0.47781101,471.3333333,2.364166667,1757.841667,,2024/5/9 14:00,
711,17.84166667,0.467069289,471.8333333,2.139166667,1373.65,,2024/5/9 15:00,
712,17.45833333,0.442494149,470.3333333,1.606666667,925.85,,2024/5/9 16:00,
713,15.99166667,0.474793767,478.3333333,1.3275,445.6166667,,2024/5/9 17:00,
714,13.2,0.557211749,488.3333333,0.845,74.30833333,,2024/5/9 18:00,
715,10.01666667,0.704807041,521.3333333,0.3225,0.091666667,,2024/5/9 19:00,
716,8.216666667,0.777522936,539.1666667,0.451666667,0,,2024/5/9 20:00,
717,7.908333333,0.759186865,512.8333333,0.6225,0,,2024/5/9 21:00,
718,6.458333333,0.837819186,537.5,0.388333333,0,,2024/5/9 22:00,
719,5.241666667,0.875023492,566.6666667,0.321666667,0,,2024/5/9 23:00,
720,4.641666667,0.898238748,589.5,0.345,0,,2024/5/10 0:00,
721,4.241666667,0.922504026,577.3333333,0.3425,0,,2024/5/10 1:00,
722,4.075,0.920634921,585.1666667,0.2725,0,,2024/5/10 2:00,
723,3.758333333,0.936299081,578.3333333,0.254166667,0,,2024/5/10 3:00,
724,3.841666667,0.928586214,574.6666667,0.245,1.266666667,,2024/5/10 4:00,
725,4.808333333,0.953676896,559.8333333,0.205,121.0333333,,2024/5/10 5:00,
726,9.508333333,0.93986855,507.5,0.3025,491.8333333,,2024/5/10 6:00,
727,14.00833333,0.620904836,496.6666667,0.661666667,922.2166667,,2024/5/10 7:00,
728,16.60833333,0.472197705,492.8333333,0.86,1353.483333,,2024/5/10 8:00,
729,17.98333333,0.512037486,500.3333333,0.921666667,1718.666667,,2024/5/10 9:00,
730,19.35833333,0.526816223,507,1.175,2027.625,,2024/5/10 10:00,
731,20.225,0.563963711,500.5,1.6,2154.858333,,2024/5/10 11:00,
732,20.85833333,0.589115278,494,1.599166667,2177.958333,,2024/5/10 12:00,
733,21.43333333,0.606019063,494,1.615,2003.6,,2024/5/10 13:00,
734,21.50833333,0.610587853,493.5,1.755833333,1722.916667,,2024/5/10 14:00,
735,21.39166667,0.607958636,495,1.5225,1332.966667,,2024/5/10 15:00,
736,20.65,0.644006298,496.5,1.565833333,884.3416667,,2024/5/10 16:00,
737,19.84166667,0.680261833,502.3333333,1.07,417.4833333,,2024/5/10 17:00,
738,17.5,0.77482727,519,0.723333333,70.98333333,,2024/5/10 18:00,
739,15.35833333,0.830913259,546.6666667,0.441666667,0.083333333,,2024/5/10 19:00,
740,13.21666667,0.894118938,615.3333333,0.275,0,,2024/5/10 20:00,
741,12.11666667,0.92157094,615.3333333,0.266666667,0,,2024/5/10 21:00,
742,11.45,0.934648582,606.8333333,0.275833333,0,,2024/5/10 22:00,
743,11.79166667,0.921103349,578,0.291666667,0,,2024/5/10 23:00,
